region,iso3,year,rainfall_mm,temperature_C
Albania,ALB,1990,921.14,12.17
Albania,ALB,1991,1030.45,11.16
Albania,ALB,1992,873.68,11.84
Albania,ALB,1993,940.08,11.79
Albania,ALB,1994,1033.24,12.81
Albania,ALB,1995,1219.96,11.66
Albania,ALB,1996,1310.98,11.31
Albania,ALB,1997,923.39,11.6
Albania,ALB,1998,1064.6,12.18
Albania,ALB,1999,1193.17,12.51
Albania,ALB,2000,808.8,12.85
Albania,ALB,2001,934.52,12.44
Albania,ALB,2002,1192.63,12.66
Albania,ALB,2003,1068.01,12.4
Albania,ALB,2004,1165.07,12.09
Albania,ALB,2005,1231.25,11.68
Albania,ALB,2006,1124.18,12.11
Albania,ALB,2007,1155.76,12.9
Albania,ALB,2008,1105.41,12.91
Albania,ALB,2009,1421.19,12.77
Albania,ALB,2010,1438.47,12.6
Albania,ALB,2011,876.6,12.41
Albania,ALB,2012,1109.05,12.96
Albania,ALB,2013,1148.84,12.97
Albania,ALB,2014,1427.53,13.12
Albania,ALB,2015,1130.5,13.0
Albania,ALB,2016,1200.73,12.9
Albania,ALB,2017,1089.43,12.81
Albania,ALB,2018,1022.04,13.49
Albania,ALB,2019,1292.29,13.47
Albania,ALB,2020,1074.47,13.17
Albania,ALB,2021,1214.74,12.84
Albania,ALB,2022,995.29,13.44
Albania,ALB,2023,1178.65,13.86
Algeria,DZA,1990,90.87,23.53
Algeria,DZA,1991,87.43,22.85
Algeria,DZA,1992,90.38,22.83
Algeria,DZA,1993,66.67,23.07
Algeria,DZA,1994,83.6,23.44
Algeria,DZA,1995,83.19,23.54
Algeria,DZA,1996,99.64,23.26
Algeria,DZA,1997,94.08,23.66
Algeria,DZA,1998,71.59,23.47
Algeria,DZA,1999,95.26,23.61
Algeria,DZA,2000,61.36,23.52
Algeria,DZA,2001,66.83,23.74
Algeria,DZA,2002,73.04,23.66
Algeria,DZA,2003,107.09,23.77
Algeria,DZA,2004,96.39,23.5
Algeria,DZA,2005,74.94,23.52
Algeria,DZA,2006,90.77,23.72
Algeria,DZA,2007,92.0,23.57
Algeria,DZA,2008,84.11,23.41
Algeria,DZA,2009,94.71,23.8
Algeria,DZA,2010,94.84,23.95
Algeria,DZA,2011,97.94,23.71
Algeria,DZA,2012,87.18,23.7
Algeria,DZA,2013,91.41,23.46
Algeria,DZA,2014,78.63,23.86
Algeria,DZA,2015,78.59,23.75
Algeria,DZA,2016,69.2,23.91
Algeria,DZA,2017,77.52,23.81
Algeria,DZA,2018,95.84,23.48
Algeria,DZA,2019,79.78,23.61
Algeria,DZA,2020,62.6,23.72
Algeria,DZA,2021,63.41,23.86
Algeria,DZA,2022,58.55,24.05
Algeria,DZA,2023,61.09,23.96
Angola,AGO,1990,1035.65,21.73
Angola,AGO,1991,1071.02,21.55
Angola,AGO,1992,932.45,21.69
Angola,AGO,1993,1042.53,21.58
Angola,AGO,1994,985.97,21.65
Angola,AGO,1995,960.41,21.93
Angola,AGO,1996,993.03,21.71
Angola,AGO,1997,1072.16,21.84
Angola,AGO,1998,1036.73,22.09
Angola,AGO,1999,1057.47,21.59
Angola,AGO,2000,1057.17,21.67
Angola,AGO,2001,1045.39,21.84
Angola,AGO,2002,1068.92,21.93
Angola,AGO,2003,1037.73,22.01
Angola,AGO,2004,1072.91,21.78
Angola,AGO,2005,1021.34,22.14
Angola,AGO,2006,1091.77,21.58
Angola,AGO,2007,1055.99,21.56
Angola,AGO,2008,1070.64,21.53
Angola,AGO,2009,1077.13,21.72
Angola,AGO,2010,1051.08,21.87
Angola,AGO,2011,1057.01,21.49
Angola,AGO,2012,1072.01,21.53
Angola,AGO,2013,1036.46,21.56
Angola,AGO,2014,1056.25,21.56
Angola,AGO,2015,1005.24,21.69
Angola,AGO,2016,1031.24,21.94
Angola,AGO,2017,1066.84,21.84
Angola,AGO,2018,1056.37,21.66
Angola,AGO,2019,1063.34,21.76
Angola,AGO,2020,1069.64,21.72
Angola,AGO,2021,1057.38,21.73
Angola,AGO,2022,1057.57,21.62
Angola,AGO,2023,1053.91,21.51
Argentina,ARG,1990,667.23,15.01
Argentina,ARG,1991,665.95,15.06
Argentina,ARG,1992,733.45,14.68
Argentina,ARG,1993,617.62,15.02
Argentina,ARG,1994,605.2,15.6
Argentina,ARG,1995,510.68,14.95
Argentina,ARG,1996,629.64,15.03
Argentina,ARG,1997,657.59,15.38
Argentina,ARG,1998,623.42,15.02
Argentina,ARG,1999,636.51,14.75
Argentina,ARG,2000,712.18,14.45
Argentina,ARG,2001,712.71,15.09
Argentina,ARG,2002,754.65,14.84
Argentina,ARG,2003,596.41,15.24
Argentina,ARG,2004,580.69,15.24
Argentina,ARG,2005,581.67,14.9
Argentina,ARG,2006,599.67,15.46
Argentina,ARG,2007,586.28,14.45
Argentina,ARG,2008,532.93,15.34
Argentina,ARG,2009,538.17,15.42
Argentina,ARG,2010,557.31,14.91
Argentina,ARG,2011,566.47,15.15
Argentina,ARG,2012,629.08,15.61
Argentina,ARG,2013,521.2,15.4
Argentina,ARG,2014,702.52,15.41
Argentina,ARG,2015,649.16,15.5
Argentina,ARG,2016,660.39,14.94
Argentina,ARG,2017,638.97,15.57
Argentina,ARG,2018,597.38,15.27
Argentina,ARG,2019,587.02,15.22
Argentina,ARG,2020,501.22,15.55
Argentina,ARG,2021,540.3,15.42
Argentina,ARG,2022,482.23,15.12
Argentina,ARG,2023,564.15,15.95
Armenia,ARM,1990,449.67,7.04
Armenia,ARM,1991,511.93,7.07
Armenia,ARM,1992,595.15,5.31
Armenia,ARM,1993,552.6,6.02
Armenia,ARM,1994,594.19,7.22
Armenia,ARM,1995,472.19,7.35
Armenia,ARM,1996,465.89,7.68
Armenia,ARM,1997,526.69,6.93
Armenia,ARM,1998,467.34,8.07
Armenia,ARM,1999,478.65,8.25
Armenia,ARM,2000,408.8,7.67
Armenia,ARM,2001,464.93,8.31
Armenia,ARM,2002,637.67,7.29
Armenia,ARM,2003,678.27,7.47
Armenia,ARM,2004,597.64,7.55
Armenia,ARM,2005,592.72,7.66
Armenia,ARM,2006,535.64,7.95
Armenia,ARM,2007,694.35,7.2
Armenia,ARM,2008,468.11,7.56
Armenia,ARM,2009,654.76,7.74
Armenia,ARM,2010,650.94,9.47
Armenia,ARM,2011,668.11,7.12
Armenia,ARM,2012,516.15,8.05
Armenia,ARM,2013,519.4,7.91
Armenia,ARM,2014,510.15,8.6
Armenia,ARM,2015,591.96,8.37
Armenia,ARM,2016,675.99,7.84
Armenia,ARM,2017,436.54,8.09
Armenia,ARM,2018,588.98,9.38
Armenia,ARM,2019,417.55,8.6
Armenia,ARM,2020,575.22,8.29
Armenia,ARM,2021,438.23,8.98
Armenia,ARM,2022,443.86,8.67
Armenia,ARM,2023,568.83,9.02
Australia,AUS,1990,440.73,22.02
Australia,AUS,1991,478.6,22.18
Australia,AUS,1992,471.17,21.65
Australia,AUS,1993,494.67,21.9
Australia,AUS,1994,359.54,21.84
Australia,AUS,1995,521.19,21.71
Australia,AUS,1996,476.76,22.01
Australia,AUS,1997,528.54,21.73
Australia,AUS,1998,547.03,22.31
Australia,AUS,1999,570.81,21.82
Australia,AUS,2000,639.02,21.46
Australia,AUS,2001,494.07,21.48
Australia,AUS,2002,348.24,22.17
Australia,AUS,2003,466.87,22.12
Australia,AUS,2004,494.09,21.99
Australia,AUS,2005,413.01,22.46
Australia,AUS,2006,450.14,21.85
Australia,AUS,2007,468.8,22.0
Australia,AUS,2008,469.04,21.71
Australia,AUS,2009,485.53,22.13
Australia,AUS,2010,634.36,21.48
Australia,AUS,2011,559.96,21.46
Australia,AUS,2012,473.0,21.76
Australia,AUS,2013,450.5,22.73
Australia,AUS,2014,463.09,22.55
Australia,AUS,2015,451.47,22.34
Australia,AUS,2016,500.21,22.37
Australia,AUS,2017,472.86,22.48
Australia,AUS,2018,448.53,22.52
Australia,AUS,2019,383.64,22.8
Australia,AUS,2020,486.68,22.53
Australia,AUS,2021,495.52,22.04
Australia,AUS,2022,528.8,21.93
Australia,AUS,2023,481.14,22.32
Austria,AUT,1990,1103.04,7.29
Austria,AUT,1991,1075.7,6.35
Austria,AUT,1992,1068.2,7.5
Austria,AUT,1993,1049.76,6.84
Austria,AUT,1994,1032.48,8.09
Austria,AUT,1995,1161.11,6.89
Austria,AUT,1996,1185.51,5.74
Austria,AUT,1997,1059.98,6.91
Austria,AUT,1998,1109.0,7.14
Austria,AUT,1999,1185.62,7.22
Austria,AUT,2000,1151.21,8.02
Austria,AUT,2001,1058.5,7.03
Austria,AUT,2002,1204.59,7.72
Austria,AUT,2003,876.21,7.37
Austria,AUT,2004,1076.38,6.8
Austria,AUT,2005,1121.81,6.57
Austria,AUT,2006,1025.88,7.29
Austria,AUT,2007,1150.01,7.89
Austria,AUT,2008,1099.9,7.69
Austria,AUT,2009,1204.29,7.52
Austria,AUT,2010,1167.8,6.42
Austria,AUT,2011,934.2,7.87
Austria,AUT,2012,1123.53,7.65
Austria,AUT,2013,1160.29,7.26
Austria,AUT,2014,1231.98,8.4
Austria,AUT,2015,1058.04,8.35
Austria,AUT,2016,1325.67,7.72
Austria,AUT,2017,1247.74,7.76
Austria,AUT,2018,1073.75,8.63
Austria,AUT,2019,1173.52,8.45
Austria,AUT,2020,1238.0,8.34
Austria,AUT,2021,1095.98,7.3
Austria,AUT,2022,949.39,8.64
Austria,AUT,2023,1229.33,8.84
Azerbaijan,AZE,1990,461.17,12.32
Azerbaijan,AZE,1991,451.43,12.28
Azerbaijan,AZE,1992,539.82,10.93
Azerbaijan,AZE,1993,500.57,11.25
Azerbaijan,AZE,1994,567.02,12.13
Azerbaijan,AZE,1995,417.33,12.83
Azerbaijan,AZE,1996,432.87,12.62
Azerbaijan,AZE,1997,471.03,12.3
Azerbaijan,AZE,1998,411.37,13.22
Azerbaijan,AZE,1999,450.33,13.34
Azerbaijan,AZE,2000,425.18,12.94
Azerbaijan,AZE,2001,435.32,13.44
Azerbaijan,AZE,2002,546.44,12.63
Azerbaijan,AZE,2003,594.08,12.43
Azerbaijan,AZE,2004,558.91,12.97
Azerbaijan,AZE,2005,521.43,12.99
Azerbaijan,AZE,2006,505.19,13.09
Azerbaijan,AZE,2007,555.2,12.74
Azerbaijan,AZE,2008,441.16,12.63
Azerbaijan,AZE,2009,536.63,12.89
Azerbaijan,AZE,2010,559.15,14.32
Azerbaijan,AZE,2011,573.3,12.33
Azerbaijan,AZE,2012,480.29,13.19
Azerbaijan,AZE,2013,488.65,13.25
Azerbaijan,AZE,2014,456.59,13.47
Azerbaijan,AZE,2015,541.36,13.48
Azerbaijan,AZE,2016,578.56,13.04
Azerbaijan,AZE,2017,425.93,13.29
Azerbaijan,AZE,2018,482.36,14.11
Azerbaijan,AZE,2019,382.8,13.71
Azerbaijan,AZE,2020,476.9,13.33
Azerbaijan,AZE,2021,490.73,13.96
Azerbaijan,AZE,2022,450.72,13.85
Azerbaijan,AZE,2023,495.64,14.21
Bahamas,BHS,1990,1009.71,25.86
Bahamas,BHS,1991,1262.13,25.78
Bahamas,BHS,1992,996.06,25.06
Bahamas,BHS,1993,1155.56,25.29
Bahamas,BHS,1994,1266.89,25.87
Bahamas,BHS,1995,1480.06,25.4
Bahamas,BHS,1996,1267.93,24.97
Bahamas,BHS,1997,1247.3,25.54
Bahamas,BHS,1998,1085.16,25.77
Bahamas,BHS,1999,1120.69,25.29
Bahamas,BHS,2000,1092.25,25.12
Bahamas,BHS,2001,1275.42,25.24
Bahamas,BHS,2002,1179.44,25.61
Bahamas,BHS,2003,1122.05,25.47
Bahamas,BHS,2004,855.51,25.29
Bahamas,BHS,2005,1192.81,25.27
Bahamas,BHS,2006,1035.64,25.38
Bahamas,BHS,2007,1320.75,25.75
Bahamas,BHS,2008,1113.7,25.37
Bahamas,BHS,2009,1061.28,25.51
Bahamas,BHS,2010,1162.26,24.61
Bahamas,BHS,2011,1181.2,25.68
Bahamas,BHS,2012,1268.77,25.49
Bahamas,BHS,2013,1181.29,25.69
Bahamas,BHS,2014,1151.12,25.65
Bahamas,BHS,2015,1090.07,26.46
Bahamas,BHS,2016,1298.34,25.96
Bahamas,BHS,2017,1216.86,26.09
Bahamas,BHS,2018,1176.67,25.87
Bahamas,BHS,2019,1357.0,26.36
Bahamas,BHS,2020,1549.38,26.41
Bahamas,BHS,2021,1073.98,25.93
Bahamas,BHS,2022,1272.42,26.11
Bahamas,BHS,2023,1370.52,26.56
Bahrain,BHR,1990,65.66,27.01
Bahrain,BHR,1991,95.88,26.52
Bahrain,BHR,1992,70.35,25.83
Bahrain,BHR,1993,103.56,26.77
Bahrain,BHR,1994,44.11,27.21
Bahrain,BHR,1995,100.25,26.75
Bahrain,BHR,1996,123.67,27.31
Bahrain,BHR,1997,126.99,26.62
Bahrain,BHR,1998,92.11,27.84
Bahrain,BHR,1999,89.08,28.08
Bahrain,BHR,2000,84.54,27.44
Bahrain,BHR,2001,21.54,27.77
Bahrain,BHR,2002,81.77,27.67
Bahrain,BHR,2003,74.4,27.71
Bahrain,BHR,2004,90.84,27.69
Bahrain,BHR,2005,74.32,27.4
Bahrain,BHR,2006,74.28,27.84
Bahrain,BHR,2007,45.07,27.8
Bahrain,BHR,2008,42.91,27.61
Bahrain,BHR,2009,104.74,27.9
Bahrain,BHR,2010,32.57,28.71
Bahrain,BHR,2011,76.84,27.71
Bahrain,BHR,2012,56.82,28.13
Bahrain,BHR,2013,43.32,27.64
Bahrain,BHR,2014,106.04,27.94
Bahrain,BHR,2015,59.79,28.3
Bahrain,BHR,2016,31.94,28.46
Bahrain,BHR,2017,150.64,28.35
Bahrain,BHR,2018,59.86,28.8
Bahrain,BHR,2019,173.38,28.34
Bahrain,BHR,2020,65.62,28.14
Bahrain,BHR,2021,30.74,29.16
Bahrain,BHR,2022,74.96,28.8
Bahrain,BHR,2023,93.31,28.88
Bangladesh,BGD,1990,2514.06,25.59
Bangladesh,BGD,1991,2567.82,25.42
Bangladesh,BGD,1992,1739.33,25.18
Bangladesh,BGD,1993,2635.93,25.28
Bangladesh,BGD,1994,1787.76,25.55
Bangladesh,BGD,1995,2355.7,25.86
Bangladesh,BGD,1996,2170.24,25.67
Bangladesh,BGD,1997,2216.78,25.16
Bangladesh,BGD,1998,2541.28,25.91
Bangladesh,BGD,1999,2543.13,26.02
Bangladesh,BGD,2000,2396.8,25.26
Bangladesh,BGD,2001,2279.38,25.86
Bangladesh,BGD,2002,2332.28,25.75
Bangladesh,BGD,2003,2188.53,25.77
Bangladesh,BGD,2004,2163.76,25.71
Bangladesh,BGD,2005,2047.36,25.97
Bangladesh,BGD,2006,1947.29,26.19
Bangladesh,BGD,2007,2432.3,25.97
Bangladesh,BGD,2008,2186.39,25.73
Bangladesh,BGD,2009,2003.32,26.5
Bangladesh,BGD,2010,2244.53,26.38
Bangladesh,BGD,2011,1996.52,25.79
Bangladesh,BGD,2012,1962.02,25.46
Bangladesh,BGD,2013,2036.75,25.17
Bangladesh,BGD,2014,1813.51,25.64
Bangladesh,BGD,2015,2575.29,25.44
Bangladesh,BGD,2016,2124.23,25.89
Bangladesh,BGD,2017,2759.54,25.68
Bangladesh,BGD,2018,1842.61,25.29
Bangladesh,BGD,2019,2067.81,25.64
Bangladesh,BGD,2020,2425.21,25.4
Bangladesh,BGD,2021,2148.71,25.74
Bangladesh,BGD,2022,1766.92,25.76
Bangladesh,BGD,2023,2105.79,26.0
Belarus,BLR,1990,716.2,7.85
Belarus,BLR,1991,565.87,7.13
Belarus,BLR,1992,567.43,7.33
Belarus,BLR,1993,647.64,6.32
Belarus,BLR,1994,618.46,6.89
Belarus,BLR,1995,603.43,7.08
Belarus,BLR,1996,587.93,5.69
Belarus,BLR,1997,679.41,6.44
Belarus,BLR,1998,793.34,6.65
Belarus,BLR,1999,589.27,7.82
Belarus,BLR,2000,630.95,8.0
Belarus,BLR,2001,679.92,7.15
Belarus,BLR,2002,551.44,7.75
Belarus,BLR,2003,607.53,6.81
Belarus,BLR,2004,698.85,6.98
Belarus,BLR,2005,633.23,7.06
Belarus,BLR,2006,596.92,7.13
Belarus,BLR,2007,633.29,8.04
Belarus,BLR,2008,682.89,8.17
Belarus,BLR,2009,817.76,7.35
Belarus,BLR,2010,728.35,6.94
Belarus,BLR,2011,567.66,7.69
Belarus,BLR,2012,768.86,7.05
Belarus,BLR,2013,672.36,7.72
Belarus,BLR,2014,582.87,7.95
Belarus,BLR,2015,543.09,8.65
Belarus,BLR,2016,719.32,7.8
Belarus,BLR,2017,754.67,7.76
Belarus,BLR,2018,593.9,8.09
Belarus,BLR,2019,580.41,8.82
Belarus,BLR,2020,616.95,9.08
Belarus,BLR,2021,694.1,7.35
Belarus,BLR,2022,685.63,8.01
Belarus,BLR,2023,708.86,8.81
Belgium,BEL,1990,794.24,10.84
Belgium,BEL,1991,756.52,9.72
Belgium,BEL,1992,910.97,10.51
Belgium,BEL,1993,956.22,9.85
Belgium,BEL,1994,944.04,10.98
Belgium,BEL,1995,890.87,10.48
Belgium,BEL,1996,655.41,8.71
Belgium,BEL,1997,810.15,10.35
Belgium,BEL,1998,1041.67,10.35
Belgium,BEL,1999,987.77,10.94
Belgium,BEL,2000,1057.17,11.01
Belgium,BEL,2001,1100.55,10.42
Belgium,BEL,2002,1027.52,10.86
Belgium,BEL,2003,729.86,10.76
Belgium,BEL,2004,876.53,10.33
Belgium,BEL,2005,824.53,10.61
Belgium,BEL,2006,884.59,10.88
Belgium,BEL,2007,978.7,11.09
Belgium,BEL,2008,932.85,10.61
Belgium,BEL,2009,876.88,10.6
Belgium,BEL,2010,900.17,9.3
Belgium,BEL,2011,789.34,11.14
Belgium,BEL,2012,993.94,10.44
Belgium,BEL,2013,887.17,9.94
Belgium,BEL,2014,896.17,11.69
Belgium,BEL,2015,835.51,11.16
Belgium,BEL,2016,943.34,10.75
Belgium,BEL,2017,882.96,11.02
Belgium,BEL,2018,787.53,11.72
Belgium,BEL,2019,874.77,11.43
Belgium,BEL,2020,850.27,11.87
Belgium,BEL,2021,971.86,10.45
Belgium,BEL,2022,749.6,11.99
Belgium,BEL,2023,1063.26,11.92
Botswana,BWA,1990,300.37,21.78
Botswana,BWA,1991,444.81,21.64
Botswana,BWA,1992,232.16,22.42
Botswana,BWA,1993,327.2,21.98
Botswana,BWA,1994,294.83,21.45
Botswana,BWA,1995,338.27,22.06
Botswana,BWA,1996,434.06,21.54
Botswana,BWA,1997,438.9,21.71
Botswana,BWA,1998,381.58,22.27
Botswana,BWA,1999,368.43,22.12
Botswana,BWA,2000,464.72,21.36
Botswana,BWA,2001,428.55,21.75
Botswana,BWA,2002,361.53,21.91
Botswana,BWA,2003,362.01,22.21
Botswana,BWA,2004,422.62,22.26
Botswana,BWA,2005,380.06,22.67
Botswana,BWA,2006,428.45,21.75
Botswana,BWA,2007,367.06,22.01
Botswana,BWA,2008,407.51,22.14
Botswana,BWA,2009,406.95,22.25
Botswana,BWA,2010,465.22,22.32
Botswana,BWA,2011,468.35,21.76
Botswana,BWA,2012,372.09,21.99
Botswana,BWA,2013,395.37,21.92
Botswana,BWA,2014,382.88,22.03
Botswana,BWA,2015,356.58,22.58
Botswana,BWA,2016,388.49,22.63
Botswana,BWA,2017,446.24,22.12
Botswana,BWA,2018,389.31,22.24
Botswana,BWA,2019,385.15,22.87
Botswana,BWA,2020,406.93,22.01
Botswana,BWA,2021,405.08,21.73
Botswana,BWA,2022,426.92,21.97
Botswana,BWA,2023,396.42,22.16
Brazil,BRA,1990,1671.68,25.13
Brazil,BRA,1991,1726.81,25.03
Brazil,BRA,1992,1716.02,24.93
Brazil,BRA,1993,1691.72,25.04
Brazil,BRA,1994,1845.5,25.16
Brazil,BRA,1995,1772.24,25.29
Brazil,BRA,1996,1818.12,25.05
Brazil,BRA,1997,1776.98,25.3
Brazil,BRA,1998,1736.93,25.66
Brazil,BRA,1999,1820.52,25.16
Brazil,BRA,2000,1950.31,25.12
Brazil,BRA,2001,1765.79,25.4
Brazil,BRA,2002,1805.7,25.67
Brazil,BRA,2003,1743.56,25.45
Brazil,BRA,2004,1830.78,25.38
Brazil,BRA,2005,1830.74,25.63
Brazil,BRA,2006,1870.63,25.46
Brazil,BRA,2007,1758.77,25.57
Brazil,BRA,2008,1911.46,25.29
Brazil,BRA,2009,1953.08,25.49
Brazil,BRA,2010,1767.29,25.7
Brazil,BRA,2011,1876.96,25.4
Brazil,BRA,2012,1671.44,25.6
Brazil,BRA,2013,1837.91,25.53
Brazil,BRA,2014,1747.26,25.7
Brazil,BRA,2015,1598.62,25.99
Brazil,BRA,2016,1624.65,25.78
Brazil,BRA,2017,1654.01,25.74
Brazil,BRA,2018,1792.99,25.57
Brazil,BRA,2019,1685.41,25.91
Brazil,BRA,2020,1738.04,25.86
Brazil,BRA,2021,1781.75,25.54
Brazil,BRA,2022,1714.59,25.48
Brazil,BRA,2023,1597.89,25.92
Bulgaria,BGR,1990,481.31,11.27
Bulgaria,BGR,1991,648.28,10.06
Bulgaria,BGR,1992,514.58,10.61
Bulgaria,BGR,1993,500.46,10.25
Bulgaria,BGR,1994,591.39,11.67
Bulgaria,BGR,1995,770.29,10.67
Bulgaria,BGR,1996,629.04,10.12
Bulgaria,BGR,1997,706.06,10.05
Bulgaria,BGR,1998,743.21,10.88
Bulgaria,BGR,1999,663.6,11.58
Bulgaria,BGR,2000,440.88,11.66
Bulgaria,BGR,2001,557.18,11.38
Bulgaria,BGR,2002,704.75,11.54
Bulgaria,BGR,2003,616.19,10.69
Bulgaria,BGR,2004,624.61,11.09
Bulgaria,BGR,2005,795.88,10.82
Bulgaria,BGR,2006,666.42,10.93
Bulgaria,BGR,2007,691.17,12.1
Bulgaria,BGR,2008,511.87,11.8
Bulgaria,BGR,2009,739.23,11.79
Bulgaria,BGR,2010,781.38,11.65
Bulgaria,BGR,2011,545.43,10.89
Bulgaria,BGR,2012,669.9,11.74
Bulgaria,BGR,2013,612.03,11.8
Bulgaria,BGR,2014,915.56,11.92
Bulgaria,BGR,2015,742.87,11.93
Bulgaria,BGR,2016,678.65,11.91
Bulgaria,BGR,2017,746.46,11.71
Bulgaria,BGR,2018,705.11,12.26
Bulgaria,BGR,2019,553.12,12.69
Bulgaria,BGR,2020,629.27,12.48
Bulgaria,BGR,2021,805.38,11.8
Bulgaria,BGR,2022,537.94,12.25
Bulgaria,BGR,2023,643.69,13.03
Burkina Faso,BFA,1990,669.08,29.15
Burkina Faso,BFA,1991,848.95,28.88
Burkina Faso,BFA,1992,771.01,28.51
Burkina Faso,BFA,1993,711.35,29.08
Burkina Faso,BFA,1994,982.7,28.5
Burkina Faso,BFA,1995,778.46,28.88
Burkina Faso,BFA,1996,787.08,29.14
Burkina Faso,BFA,1997,730.76,29.14
Burkina Faso,BFA,1998,868.33,29.48
Burkina Faso,BFA,1999,870.92,28.91
Burkina Faso,BFA,2000,731.19,29.04
Burkina Faso,BFA,2001,744.92,29.19
Burkina Faso,BFA,2002,693.19,29.45
Burkina Faso,BFA,2003,946.54,29.34
Burkina Faso,BFA,2004,751.14,29.52
Burkina Faso,BFA,2005,826.89,29.66
Burkina Faso,BFA,2006,794.25,29.31
Burkina Faso,BFA,2007,881.9,29.41
Burkina Faso,BFA,2008,830.27,28.95
Burkina Faso,BFA,2009,864.6,29.64
Burkina Faso,BFA,2010,899.06,29.72
Burkina Faso,BFA,2011,742.78,29.55
Burkina Faso,BFA,2012,916.57,29.14
Burkina Faso,BFA,2013,800.04,29.4
Burkina Faso,BFA,2014,862.17,29.49
Burkina Faso,BFA,2015,812.16,29.48
Burkina Faso,BFA,2016,922.99,29.76
Burkina Faso,BFA,2017,813.75,29.61
Burkina Faso,BFA,2018,921.57,29.63
Burkina Faso,BFA,2019,913.41,29.31
Burkina Faso,BFA,2020,952.49,29.68
Burkina Faso,BFA,2021,843.13,30.04
Burkina Faso,BFA,2022,939.28,29.38
Burkina Faso,BFA,2023,820.36,29.96
Burundi,BDI,1990,1210.06,20.2
Burundi,BDI,1991,1172.9,20.22
Burundi,BDI,1992,1061.55,20.21
Burundi,BDI,1993,1088.83,20.14
Burundi,BDI,1994,1232.19,20.28
Burundi,BDI,1995,1206.0,20.57
Burundi,BDI,1996,1149.95,20.3
Burundi,BDI,1997,1357.23,20.54
Burundi,BDI,1998,1332.97,20.49
Burundi,BDI,1999,1114.58,20.47
Burundi,BDI,2000,1099.58,20.6
Burundi,BDI,2001,1384.9,20.58
Burundi,BDI,2002,1285.57,20.85
Burundi,BDI,2003,1246.35,20.94
Burundi,BDI,2004,963.95,20.49
Burundi,BDI,2005,1050.89,20.69
Burundi,BDI,2006,1377.73,20.42
Burundi,BDI,2007,1268.32,20.46
Burundi,BDI,2008,1172.99,20.31
Burundi,BDI,2009,1246.3,20.73
Burundi,BDI,2010,1371.51,20.84
Burundi,BDI,2011,1474.56,20.34
Burundi,BDI,2012,1076.32,20.36
Burundi,BDI,2013,1244.3,20.55
Burundi,BDI,2014,1231.88,20.35
Burundi,BDI,2015,1254.6,20.44
Burundi,BDI,2016,1292.9,20.67
Burundi,BDI,2017,1142.08,20.87
Burundi,BDI,2018,1198.4,20.38
Burundi,BDI,2019,1329.37,20.63
Burundi,BDI,2020,1448.64,20.43
Burundi,BDI,2021,1287.02,20.51
Burundi,BDI,2022,1349.36,20.45
Burundi,BDI,2023,1277.52,20.83
Cameroon,CMR,1990,1694.81,24.71
Cameroon,CMR,1991,1606.4,24.51
Cameroon,CMR,1992,1570.99,24.28
Cameroon,CMR,1993,1657.34,24.35
Cameroon,CMR,1994,1607.69,24.39
Cameroon,CMR,1995,1606.04,24.62
Cameroon,CMR,1996,1673.13,24.46
Cameroon,CMR,1997,1691.66,24.57
Cameroon,CMR,1998,1606.16,25.11
Cameroon,CMR,1999,1700.93,24.55
Cameroon,CMR,2000,1643.9,24.59
Cameroon,CMR,2001,1665.04,24.62
Cameroon,CMR,2002,1696.56,24.77
Cameroon,CMR,2003,1670.44,24.78
Cameroon,CMR,2004,1583.91,24.87
Cameroon,CMR,2005,1556.23,24.89
Cameroon,CMR,2006,1655.03,24.78
Cameroon,CMR,2007,1737.09,24.81
Cameroon,CMR,2008,1622.21,24.63
Cameroon,CMR,2009,1579.78,24.91
Cameroon,CMR,2010,1626.58,25.06
Cameroon,CMR,2011,1540.18,24.75
Cameroon,CMR,2012,1673.21,24.72
Cameroon,CMR,2013,1587.13,24.8
Cameroon,CMR,2014,1566.25,24.84
Cameroon,CMR,2015,1466.26,24.91
Cameroon,CMR,2016,1719.13,25.14
Cameroon,CMR,2017,1650.56,24.9
Cameroon,CMR,2018,1571.27,24.92
Cameroon,CMR,2019,1692.18,24.91
Cameroon,CMR,2020,1633.79,25.18
Cameroon,CMR,2021,1683.68,25.16
Cameroon,CMR,2022,1655.76,24.96
Cameroon,CMR,2023,1752.59,24.99
Canada,CAN,1990,561.39,-4.93
Canada,CAN,1991,557.42,-4.42
Canada,CAN,1992,543.68,-4.89
Canada,CAN,1993,549.19,-4.59
Canada,CAN,1994,550.28,-4.42
Canada,CAN,1995,547.88,-4.44
Canada,CAN,1996,563.06,-5.37
Canada,CAN,1997,555.87,-4.32
Canada,CAN,1998,544.11,-2.83
Canada,CAN,1999,572.41,-3.33
Canada,CAN,2000,540.25,-4.25
Canada,CAN,2001,531.65,-3.44
Canada,CAN,2002,529.78,-4.47
Canada,CAN,2003,539.74,-4.04
Canada,CAN,2004,543.18,-4.87
Canada,CAN,2005,572.21,-3.45
Canada,CAN,2006,550.22,-2.85
Canada,CAN,2007,568.41,-4.23
Canada,CAN,2008,567.87,-4.57
Canada,CAN,2009,547.46,-4.45
Canada,CAN,2010,558.09,-2.64
Canada,CAN,2011,554.35,-3.93
Canada,CAN,2012,543.35,-3.58
Canada,CAN,2013,539.11,-4.38
Canada,CAN,2014,557.69,-4.46
Canada,CAN,2015,533.32,-3.88
Canada,CAN,2016,551.4,-3.3
Canada,CAN,2017,550.7,-3.81
Canada,CAN,2018,533.97,-4.61
Canada,CAN,2019,539.28,-4.34
Canada,CAN,2020,537.3,-4.17
Canada,CAN,2021,535.27,-3.62
Canada,CAN,2022,538.41,-4.18
Canada,CAN,2023,524.57,-2.89
Central African Republic,CAF,1990,1291.86,25.39
Central African Republic,CAF,1991,1377.6,25.13
Central African Republic,CAF,1992,1331.53,24.9
Central African Republic,CAF,1993,1349.88,24.91
Central African Republic,CAF,1994,1362.32,24.9
Central African Republic,CAF,1995,1383.71,25.15
Central African Republic,CAF,1996,1396.25,25.03
Central African Republic,CAF,1997,1429.82,25.49
Central African Republic,CAF,1998,1419.63,25.73
Central African Republic,CAF,1999,1395.26,25.01
Central African Republic,CAF,2000,1318.29,25.27
Central African Republic,CAF,2001,1382.05,25.25
Central African Republic,CAF,2002,1318.1,25.37
Central African Republic,CAF,2003,1367.13,25.51
Central African Republic,CAF,2004,1312.76,25.72
Central African Republic,CAF,2005,1359.63,25.78
Central African Republic,CAF,2006,1374.72,25.59
Central African Republic,CAF,2007,1379.03,25.58
Central African Republic,CAF,2008,1334.73,25.49
Central African Republic,CAF,2009,1372.37,25.89
Central African Republic,CAF,2010,1397.29,25.93
Central African Republic,CAF,2011,1371.95,25.42
Central African Republic,CAF,2012,1420.65,25.42
Central African Republic,CAF,2013,1426.47,25.5
Central African Republic,CAF,2014,1375.05,25.44
Central African Republic,CAF,2015,1388.53,25.55
Central African Republic,CAF,2016,1422.37,25.75
Central African Republic,CAF,2017,1404.63,25.5
Central African Republic,CAF,2018,1343.23,25.44
Central African Republic,CAF,2019,1363.94,25.67
Central African Republic,CAF,2020,1373.18,25.66
Central African Republic,CAF,2021,1459.96,25.75
Central African Republic,CAF,2022,1404.82,25.56
Central African Republic,CAF,2023,1413.56,25.39
Chile,CHL,1990,950.33,9.27
Chile,CHL,1991,1009.51,9.14
Chile,CHL,1992,1084.79,9.05
Chile,CHL,1993,975.33,9.39
Chile,CHL,1994,986.36,9.61
Chile,CHL,1995,918.29,9.21
Chile,CHL,1996,843.61,9.27
Chile,CHL,1997,1129.65,9.54
Chile,CHL,1998,751.92,9.69
Chile,CHL,1999,846.42,9.18
Chile,CHL,2000,1040.11,8.76
Chile,CHL,2001,968.29,9.11
Chile,CHL,2002,1250.0,8.97
Chile,CHL,2003,942.76,9.46
Chile,CHL,2004,946.12,9.64
Chile,CHL,2005,1065.06,9.13
Chile,CHL,2006,1128.4,9.59
Chile,CHL,2007,758.07,8.76
Chile,CHL,2008,987.77,9.57
Chile,CHL,2009,962.21,9.48
Chile,CHL,2010,842.34,9.07
Chile,CHL,2011,900.06,9.35
Chile,CHL,2012,924.16,9.61
Chile,CHL,2013,820.98,9.61
Chile,CHL,2014,915.19,9.47
Chile,CHL,2015,898.39,9.71
Chile,CHL,2016,744.56,9.62
Chile,CHL,2017,983.03,9.76
Chile,CHL,2018,833.67,9.45
Chile,CHL,2019,786.67,9.49
Chile,CHL,2020,833.04,9.86
Chile,CHL,2021,675.16,9.77
Chile,CHL,2022,843.01,9.39
Chile,CHL,2023,977.7,10.04
Colombia,COL,1990,2431.79,24.96
Colombia,COL,1991,2259.4,24.82
Colombia,COL,1992,2129.01,24.99
Colombia,COL,1993,2374.04,24.83
Colombia,COL,1994,2490.35,24.85
Colombia,COL,1995,2625.23,25.03
Colombia,COL,1996,2686.93,24.66
Colombia,COL,1997,2249.98,25.08
Colombia,COL,1998,2682.58,25.38
Colombia,COL,1999,2900.16,24.52
Colombia,COL,2000,2726.21,24.54
Colombia,COL,2001,2396.5,24.94
Colombia,COL,2002,2718.46,25.09
Colombia,COL,2003,2640.44,25.16
Colombia,COL,2004,2647.7,24.95
Colombia,COL,2005,2701.85,25.05
Colombia,COL,2006,2730.53,24.92
Colombia,COL,2007,2798.69,24.85
Colombia,COL,2008,2997.39,24.58
Colombia,COL,2009,2423.31,25.1
Colombia,COL,2010,2908.74,25.23
Colombia,COL,2011,3073.48,24.9
Colombia,COL,2012,2421.21,25.11
Colombia,COL,2013,2455.4,25.31
Colombia,COL,2014,2375.91,25.45
Colombia,COL,2015,2091.74,25.73
Colombia,COL,2016,2400.77,25.66
Colombia,COL,2017,2644.06,25.12
Colombia,COL,2018,2508.4,25.02
Colombia,COL,2019,2422.16,25.43
Colombia,COL,2020,2517.34,25.34
Colombia,COL,2021,2709.02,24.94
Colombia,COL,2022,2873.52,24.7
Colombia,COL,2023,2471.7,25.32
Croatia,HRV,1990,926.22,11.73
Croatia,HRV,1991,1056.86,10.66
Croatia,HRV,1992,1049.74,11.95
Croatia,HRV,1993,1082.9,11.24
Croatia,HRV,1994,1005.08,12.55
Croatia,HRV,1995,1233.52,11.32
Croatia,HRV,1996,1228.58,10.41
Croatia,HRV,1997,1001.31,11.12
Croatia,HRV,1998,1124.07,11.56
Croatia,HRV,1999,1202.26,11.63
Croatia,HRV,2000,948.16,12.59
Croatia,HRV,2001,1008.39,11.54
Croatia,HRV,2002,1193.75,12.29
Croatia,HRV,2003,802.16,11.7
Croatia,HRV,2004,1209.93,11.23
Croatia,HRV,2005,1183.99,10.88
Croatia,HRV,2006,938.51,11.57
Croatia,HRV,2007,1024.91,12.53
Croatia,HRV,2008,1072.26,12.42
Croatia,HRV,2009,1129.0,12.26
Croatia,HRV,2010,1415.92,11.34
Croatia,HRV,2011,742.35,12.11
Croatia,HRV,2012,992.41,12.39
Croatia,HRV,2013,1260.47,12.17
Croatia,HRV,2014,1470.98,12.89
Croatia,HRV,2015,1075.72,12.77
Croatia,HRV,2016,1193.51,12.26
Croatia,HRV,2017,1021.08,12.34
Croatia,HRV,2018,1089.85,13.15
Croatia,HRV,2019,1256.55,13.16
Croatia,HRV,2020,1085.57,12.7
Croatia,HRV,2021,1044.87,12.03
Croatia,HRV,2022,840.32,13.22
Croatia,HRV,2023,1296.65,13.46
Denmark,DNK,1990,795.06,9.56
Denmark,DNK,1991,653.2,8.38
Denmark,DNK,1992,690.3,9.06
Denmark,DNK,1993,745.8,7.83
Denmark,DNK,1994,823.37,8.73
Denmark,DNK,1995,647.51,8.35
Denmark,DNK,1996,513.38,6.97
Denmark,DNK,1997,601.1,8.51
Denmark,DNK,1998,855.56,8.22
Denmark,DNK,1999,839.98,8.96
Denmark,DNK,2000,742.89,9.4
Denmark,DNK,2001,736.14,8.31
Denmark,DNK,2002,831.9,9.1
Denmark,DNK,2003,613.75,8.67
Denmark,DNK,2004,744.39,8.69
Denmark,DNK,2005,635.96,8.83
Denmark,DNK,2006,759.34,9.37
Denmark,DNK,2007,839.12,9.47
Denmark,DNK,2008,740.4,9.52
Denmark,DNK,2009,702.72,8.89
Denmark,DNK,2010,738.67,7.12
Denmark,DNK,2011,785.71,9.17
Denmark,DNK,2012,742.51,8.49
Denmark,DNK,2013,657.35,8.64
Denmark,DNK,2014,804.12,10.23
Denmark,DNK,2015,845.71,9.4
Denmark,DNK,2016,664.2,9.14
Denmark,DNK,2017,935.01,9.03
Denmark,DNK,2018,589.8,9.65
Denmark,DNK,2019,840.89,9.65
Denmark,DNK,2020,714.8,10.12
Denmark,DNK,2021,719.47,8.94
Denmark,DNK,2022,650.78,9.73
Denmark,DNK,2023,964.0,9.59
Dominican Republic,DOM,1990,1519.03,24.26
Dominican Republic,DOM,1991,1377.69,24.15
Dominican Republic,DOM,1992,1458.92,24.48
Dominican Republic,DOM,1993,1489.75,24.39
Dominican Republic,DOM,1994,1371.52,24.55
Dominican Republic,DOM,1995,1598.18,24.62
Dominican Republic,DOM,1996,1414.38,24.44
Dominican Republic,DOM,1997,1373.01,25.04
Dominican Republic,DOM,1998,1835.74,25.3
Dominican Republic,DOM,1999,1316.59,24.64
Dominican Republic,DOM,2000,1521.6,24.48
Dominican Republic,DOM,2001,1569.33,24.73
Dominican Republic,DOM,2002,1465.9,24.77
Dominican Republic,DOM,2003,1660.87,24.84
Dominican Republic,DOM,2004,1483.08,24.49
Dominican Republic,DOM,2005,1627.25,24.41
Dominican Republic,DOM,2006,1525.85,24.62
Dominican Republic,DOM,2007,1641.85,24.44
Dominican Republic,DOM,2008,1510.04,24.13
Dominican Republic,DOM,2009,1525.28,24.38
Dominican Republic,DOM,2010,1553.1,24.29
Dominican Republic,DOM,2011,1569.55,24.08
Dominican Republic,DOM,2012,1732.5,24.51
Dominican Republic,DOM,2013,1320.83,24.8
Dominican Republic,DOM,2014,1379.5,24.83
Dominican Republic,DOM,2015,1466.47,25.02
Dominican Republic,DOM,2016,1786.85,24.97
Dominican Republic,DOM,2017,1593.24,24.82
Dominican Republic,DOM,2018,1275.15,24.62
Dominican Republic,DOM,2019,1285.64,24.93
Dominican Republic,DOM,2020,1348.1,24.95
Dominican Republic,DOM,2021,1417.93,24.79
Dominican Republic,DOM,2022,1539.76,24.59
Dominican Republic,DOM,2023,1703.4,25.23
Ecuador,ECU,1990,1688.77,21.51
Ecuador,ECU,1991,1643.17,21.57
Ecuador,ECU,1992,2513.4,21.74
Ecuador,ECU,1993,2066.43,21.63
Ecuador,ECU,1994,2069.81,21.36
Ecuador,ECU,1995,1815.51,21.48
Ecuador,ECU,1996,1750.82,20.79
Ecuador,ECU,1997,2641.22,22.07
Ecuador,ECU,1998,3064.35,22.21
Ecuador,ECU,1999,2376.59,20.93
Ecuador,ECU,2000,2110.92,20.96
Ecuador,ECU,2001,1788.19,21.01
Ecuador,ECU,2002,2206.06,21.54
Ecuador,ECU,2003,2133.75,21.35
Ecuador,ECU,2004,1794.69,21.35
Ecuador,ECU,2005,1478.44,21.23
Ecuador,ECU,2006,1794.79,21.38
Ecuador,ECU,2007,1893.66,20.84
Ecuador,ECU,2008,2397.67,21.16
Ecuador,ECU,2009,1734.58,21.64
Ecuador,ECU,2010,2524.02,21.38
Ecuador,ECU,2011,2175.35,21.24
Ecuador,ECU,2012,2338.85,21.56
Ecuador,ECU,2013,1988.21,21.21
Ecuador,ECU,2014,2012.01,21.81
Ecuador,ECU,2015,2629.09,22.31
Ecuador,ECU,2016,1981.58,22.07
Ecuador,ECU,2017,2587.16,21.81
Ecuador,ECU,2018,1756.68,21.58
Ecuador,ECU,2019,2393.98,22.07
Ecuador,ECU,2020,2089.52,21.86
Ecuador,ECU,2021,1998.75,21.45
Ecuador,ECU,2022,1955.71,21.08
Ecuador,ECU,2023,1979.5,22.33
Egypt,EGY,1990,22.41,22.5
Egypt,EGY,1991,33.84,22.5
Egypt,EGY,1992,27.49,21.83
Egypt,EGY,1993,22.66,22.62
Egypt,EGY,1994,30.72,22.78
Egypt,EGY,1995,15.27,22.57
Egypt,EGY,1996,19.05,22.79
Egypt,EGY,1997,23.75,22.37
Egypt,EGY,1998,21.79,23.17
Egypt,EGY,1999,12.19,23.15
Egypt,EGY,2000,26.94,22.44
Egypt,EGY,2001,15.78,23.18
Egypt,EGY,2002,22.75,23.25
Egypt,EGY,2003,19.43,23.07
Egypt,EGY,2004,21.38,22.99
Egypt,EGY,2005,21.17,22.94
Egypt,EGY,2006,18.41,22.99
Egypt,EGY,2007,17.16,23.16
Egypt,EGY,2008,19.11,23.42
Egypt,EGY,2009,10.89,23.3
Egypt,EGY,2010,13.33,24.62
Egypt,EGY,2011,16.78,22.81
Egypt,EGY,2012,17.6,23.5
Egypt,EGY,2013,22.01,23.38
Egypt,EGY,2014,21.24,23.61
Egypt,EGY,2015,20.84,23.42
Egypt,EGY,2016,16.44,23.78
Egypt,EGY,2017,11.72,23.23
Egypt,EGY,2018,31.76,24.08
Egypt,EGY,2019,22.52,23.38
Egypt,EGY,2020,24.78,23.19
Egypt,EGY,2021,21.21,23.84
Egypt,EGY,2022,23.16,23.2
Egypt,EGY,2023,21.69,23.95
El Salvador,SLV,1990,1469.7,24.87
El Salvador,SLV,1991,1534.44,25.08
El Salvador,SLV,1992,2203.47,25.02
El Salvador,SLV,1993,1968.49,24.93
El Salvador,SLV,1994,1451.42,25.12
El Salvador,SLV,1995,1916.8,25.15
El Salvador,SLV,1996,1810.85,24.7
El Salvador,SLV,1997,1680.74,25.21
El Salvador,SLV,1998,1719.97,25.38
El Salvador,SLV,1999,1673.3,24.57
El Salvador,SLV,2000,1700.1,24.82
El Salvador,SLV,2001,1721.57,25.15
El Salvador,SLV,2002,1649.21,25.33
El Salvador,SLV,2003,1596.22,25.4
El Salvador,SLV,2004,1649.48,25.29
El Salvador,SLV,2005,1766.88,25.18
El Salvador,SLV,2006,1894.44,25.21
El Salvador,SLV,2007,1643.07,25.13
El Salvador,SLV,2008,1867.5,25.06
El Salvador,SLV,2009,1479.01,25.42
El Salvador,SLV,2010,1749.28,24.99
El Salvador,SLV,2011,1751.6,25.18
El Salvador,SLV,2012,1652.15,25.26
El Salvador,SLV,2013,1895.46,25.26
El Salvador,SLV,2014,1589.09,25.3
El Salvador,SLV,2015,1578.85,25.67
El Salvador,SLV,2016,1677.42,25.71
El Salvador,SLV,2017,1731.48,25.5
El Salvador,SLV,2018,1634.41,25.03
El Salvador,SLV,2019,1440.12,25.5
El Salvador,SLV,2020,1669.0,25.74
El Salvador,SLV,2021,1656.67,25.51
El Salvador,SLV,2022,1735.04,25.22
El Salvador,SLV,2023,1690.58,25.85
Eritrea,ERI,1990,122.31,26.44
Eritrea,ERI,1991,238.17,26.12
Eritrea,ERI,1992,314.0,25.45
Eritrea,ERI,1993,250.23,26.19
Eritrea,ERI,1994,271.16,26.01
Eritrea,ERI,1995,254.73,25.7
Eritrea,ERI,1996,223.84,26.29
Eritrea,ERI,1997,236.69,26.32
Eritrea,ERI,1998,306.01,26.58
Eritrea,ERI,1999,249.23,26.67
Eritrea,ERI,2000,267.53,26.44
Eritrea,ERI,2001,286.85,26.62
Eritrea,ERI,2002,249.98,26.88
Eritrea,ERI,2003,316.12,26.61
Eritrea,ERI,2004,222.3,26.65
Eritrea,ERI,2005,305.36,26.91
Eritrea,ERI,2006,288.67,26.59
Eritrea,ERI,2007,306.41,26.44
Eritrea,ERI,2008,251.41,26.72
Eritrea,ERI,2009,217.83,27.26
Eritrea,ERI,2010,290.59,27.5
Eritrea,ERI,2011,219.97,26.79
Eritrea,ERI,2012,204.06,26.88
Eritrea,ERI,2013,283.43,27.12
Eritrea,ERI,2014,309.87,26.76
Eritrea,ERI,2015,255.12,27.23
Eritrea,ERI,2016,276.56,27.38
Eritrea,ERI,2017,241.6,27.09
Eritrea,ERI,2018,355.59,26.83
Eritrea,ERI,2019,315.19,26.64
Eritrea,ERI,2020,329.01,26.31
Eritrea,ERI,2021,332.82,26.77
Eritrea,ERI,2022,355.56,26.33
Eritrea,ERI,2023,274.69,26.88
Estonia,EST,1990,787.9,6.7
Estonia,EST,1991,667.76,6.11
Estonia,EST,1992,580.32,6.39
Estonia,EST,1993,639.96,5.36
Estonia,EST,1994,646.74,5.55
Estonia,EST,1995,648.52,6.04
Estonia,EST,1996,579.54,4.85
Estonia,EST,1997,695.82,6.0
Estonia,EST,1998,731.45,5.45
Estonia,EST,1999,593.26,6.5
Estonia,EST,2000,661.45,7.06
Estonia,EST,2001,753.34,6.01
Estonia,EST,2002,519.63,6.27
Estonia,EST,2003,643.24,5.82
Estonia,EST,2004,714.93,5.93
Estonia,EST,2005,632.91,6.16
Estonia,EST,2006,567.17,6.61
Estonia,EST,2007,661.67,6.74
Estonia,EST,2008,765.62,7.16
Estonia,EST,2009,708.26,5.99
Estonia,EST,2010,727.93,4.84
Estonia,EST,2011,669.33,6.9
Estonia,EST,2012,827.42,5.58
Estonia,EST,2013,611.33,6.64
Estonia,EST,2014,630.09,6.91
Estonia,EST,2015,565.44,7.43
Estonia,EST,2016,711.71,6.52
Estonia,EST,2017,782.13,6.35
Estonia,EST,2018,553.88,7.04
Estonia,EST,2019,703.19,7.17
Estonia,EST,2020,674.76,8.07
Estonia,EST,2021,679.97,6.29
Estonia,EST,2022,603.68,6.84
Estonia,EST,2023,737.61,6.94
Finland,FIN,1990,554.65,2.74
Finland,FIN,1991,606.56,2.2
Finland,FIN,1992,654.8,2.53
Finland,FIN,1993,546.36,1.6
Finland,FIN,1994,549.12,1.62
Finland,FIN,1995,579.62,2.19
Finland,FIN,1996,555.09,1.43
Finland,FIN,1997,531.84,2.06
Finland,FIN,1998,706.6,1.14
Finland,FIN,1999,583.34,2.19
Finland,FIN,2000,661.48,3.29
Finland,FIN,2001,593.63,1.88
Finland,FIN,2002,508.8,1.99
Finland,FIN,2003,552.11,2.23
Finland,FIN,2004,667.2,2.31
Finland,FIN,2005,635.42,2.97
Finland,FIN,2006,506.08,2.77
Finland,FIN,2007,634.78,2.96
Finland,FIN,2008,712.24,3.05
Finland,FIN,2009,561.58,2.24
Finland,FIN,2010,568.53,0.93
Finland,FIN,2011,646.28,3.39
Finland,FIN,2012,724.57,1.63
Finland,FIN,2013,545.15,3.19
Finland,FIN,2014,555.27,3.35
Finland,FIN,2015,635.83,3.58
Finland,FIN,2016,644.32,2.97
Finland,FIN,2017,624.64,2.45
Finland,FIN,2018,497.32,3.25
Finland,FIN,2019,645.65,2.76
Finland,FIN,2020,646.43,4.21
Finland,FIN,2021,623.78,2.37
Finland,FIN,2022,587.28,3.27
Finland,FIN,2023,681.94,2.87
France,FRA,1990,773.72,11.74
France,FRA,1991,725.78,10.76
France,FRA,1992,870.64,11.18
France,FRA,1993,894.31,10.84
France,FRA,1994,979.62,12.04
France,FRA,1995,892.83,11.51
France,FRA,1996,864.76,10.46
France,FRA,1997,814.44,11.74
France,FRA,1998,840.83,11.33
France,FRA,1999,1009.5,11.71
France,FRA,2000,966.05,11.92
France,FRA,2001,913.13,11.42
France,FRA,2002,961.5,11.86
France,FRA,2003,744.26,11.84
France,FRA,2004,799.16,11.35
France,FRA,2005,682.09,11.35
France,FRA,2006,819.84,11.9
France,FRA,2007,849.1,11.7
France,FRA,2008,931.21,11.37
France,FRA,2009,804.78,11.71
France,FRA,2010,841.42,10.61
France,FRA,2011,733.57,12.3
France,FRA,2012,879.82,11.57
France,FRA,2013,939.54,11.1
France,FRA,2014,930.98,12.51
France,FRA,2015,714.44,12.23
France,FRA,2016,811.82,11.77
France,FRA,2017,741.83,11.97
France,FRA,2018,869.14,12.67
France,FRA,2019,838.74,12.39
France,FRA,2020,840.24,12.74
France,FRA,2021,837.51,11.58
France,FRA,2022,672.38,13.17
France,FRA,2023,856.41,13.01
Germany,DEU,1990,732.45,9.81
Germany,DEU,1991,606.61,8.72
Germany,DEU,1992,728.18,9.64
Germany,DEU,1993,799.67,8.76
Germany,DEU,1994,796.15,9.93
Germany,DEU,1995,773.32,9.13
Germany,DEU,1996,615.85,7.5
Germany,DEU,1997,669.07,9.12
Germany,DEU,1998,803.85,9.29
Germany,DEU,1999,752.23,9.74
Germany,DEU,2000,747.38,10.13
Germany,DEU,2001,811.69,9.19
Germany,DEU,2002,905.71,9.75
Germany,DEU,2003,554.18,9.52
Germany,DEU,2004,733.45,9.17
Germany,DEU,2005,711.02,9.22
Germany,DEU,2006,680.56,9.75
Germany,DEU,2007,890.62,10.11
Germany,DEU,2008,720.54,9.81
Germany,DEU,2009,743.51,9.54
Germany,DEU,2010,777.02,8.22
Germany,DEU,2011,678.19,10.01
Germany,DEU,2012,734.08,9.46
Germany,DEU,2013,745.66,9.09
Germany,DEU,2014,703.65,10.64
Germany,DEU,2015,663.61,10.31
Germany,DEU,2016,715.37,9.85
Germany,DEU,2017,827.22,9.9
Germany,DEU,2018,568.92,10.72
Germany,DEU,2019,679.94,10.56
Germany,DEU,2020,661.99,10.74
Germany,DEU,2021,772.32,9.48
Germany,DEU,2022,614.68,10.78
Germany,DEU,2023,869.53,10.88
Ghana,GHA,1990,1027.15,27.46
Ghana,GHA,1991,1284.89,27.26
Ghana,GHA,1992,945.94,27.06
Ghana,GHA,1993,1111.01,27.31
Ghana,GHA,1994,1166.32,27.16
Ghana,GHA,1995,1198.36,27.44
Ghana,GHA,1996,1208.95,27.46
Ghana,GHA,1997,1233.13,27.46
Ghana,GHA,1998,1056.81,27.96
Ghana,GHA,1999,1306.86,27.4
Ghana,GHA,2000,1129.38,27.51
Ghana,GHA,2001,1111.61,27.64
Ghana,GHA,2002,1211.43,27.76
Ghana,GHA,2003,1286.53,27.79
Ghana,GHA,2004,1187.3,27.73
Ghana,GHA,2005,1153.81,27.97
Ghana,GHA,2006,1185.46,27.8
Ghana,GHA,2007,1310.53,27.79
Ghana,GHA,2008,1336.9,27.49
Ghana,GHA,2009,1257.97,27.88
Ghana,GHA,2010,1351.36,28.12
Ghana,GHA,2011,1196.96,27.82
Ghana,GHA,2012,1248.07,27.57
Ghana,GHA,2013,1121.53,27.76
Ghana,GHA,2014,1244.77,27.86
Ghana,GHA,2015,1112.17,27.94
Ghana,GHA,2016,1179.99,28.22
Ghana,GHA,2017,1154.76,28.06
Ghana,GHA,2018,1319.41,28.01
Ghana,GHA,2019,1454.43,27.82
Ghana,GHA,2020,1228.72,28.13
Ghana,GHA,2021,1261.57,28.38
Ghana,GHA,2022,1227.27,27.8
Ghana,GHA,2023,1299.82,28.26
Greece,GRC,1990,548.34,14.1
Greece,GRC,1991,626.11,13.05
Greece,GRC,1992,499.61,13.27
Greece,GRC,1993,539.41,13.46
Greece,GRC,1994,707.46,14.56
Greece,GRC,1995,671.59,13.76
Greece,GRC,1996,733.91,13.41
Greece,GRC,1997,595.74,13.31
Greece,GRC,1998,662.38,14.18
Greece,GRC,1999,658.89,14.77
Greece,GRC,2000,450.72,14.4
Greece,GRC,2001,600.31,14.68
Greece,GRC,2002,799.87,14.36
Greece,GRC,2003,716.36,14.01
Greece,GRC,2004,621.61,14.15
Greece,GRC,2005,727.45,13.83
Greece,GRC,2006,714.05,13.79
Greece,GRC,2007,676.88,14.71
Greece,GRC,2008,575.44,14.63
Greece,GRC,2009,874.34,14.55
Greece,GRC,2010,734.01,15.03
Greece,GRC,2011,616.4,13.84
Greece,GRC,2012,708.76,14.76
Greece,GRC,2013,658.0,14.84
Greece,GRC,2014,894.6,14.8
Greece,GRC,2015,739.91,14.48
Greece,GRC,2016,686.45,14.94
Greece,GRC,2017,706.33,14.63
Greece,GRC,2018,739.3,15.36
Greece,GRC,2019,791.12,15.4
Greece,GRC,2020,650.3,15.27
Greece,GRC,2021,721.56,15.22
Greece,GRC,2022,558.42,15.06
Greece,GRC,2023,617.84,15.71
Guatemala,GTM,1990,2237.55,23.36
Guatemala,GTM,1991,1943.07,23.42
Guatemala,GTM,1992,2117.23,23.2
Guatemala,GTM,1993,2224.73,23.18
Guatemala,GTM,1994,1821.26,23.45
Guatemala,GTM,1995,2444.02,23.58
Guatemala,GTM,1996,2217.6,23.13
Guatemala,GTM,1997,2126.82,23.58
Guatemala,GTM,1998,2392.78,23.84
Guatemala,GTM,1999,2307.52,23.1
Guatemala,GTM,2000,2216.84,23.29
Guatemala,GTM,2001,2198.57,23.56
Guatemala,GTM,2002,2118.32,23.69
Guatemala,GTM,2003,1953.67,23.79
Guatemala,GTM,2004,2049.83,23.71
Guatemala,GTM,2005,2352.93,23.69
Guatemala,GTM,2006,2385.7,23.63
Guatemala,GTM,2007,2102.79,23.57
Guatemala,GTM,2008,2278.66,23.55
Guatemala,GTM,2009,1983.08,23.89
Guatemala,GTM,2010,2482.98,23.33
Guatemala,GTM,2011,2414.88,23.73
Guatemala,GTM,2012,2004.09,23.84
Guatemala,GTM,2013,2726.39,23.7
Guatemala,GTM,2014,2187.56,23.65
Guatemala,GTM,2015,2029.37,24.14
Guatemala,GTM,2016,2055.42,24.21
Guatemala,GTM,2017,2115.14,24.03
Guatemala,GTM,2018,2027.62,23.52
Guatemala,GTM,2019,1868.24,24.01
Guatemala,GTM,2020,2303.03,24.31
Guatemala,GTM,2021,1977.89,24.06
Guatemala,GTM,2022,2432.29,23.73
Guatemala,GTM,2023,2003.0,24.35
Guinea,GIN,1990,1559.12,25.67
Guinea,GIN,1991,1626.19,25.62
Guinea,GIN,1992,1698.17,25.4
Guinea,GIN,1993,1628.19,25.66
Guinea,GIN,1994,2008.0,25.16
Guinea,GIN,1995,1772.16,25.49
Guinea,GIN,1996,1753.16,25.77
Guinea,GIN,1997,1740.06,25.71
Guinea,GIN,1998,1763.04,26.17
Guinea,GIN,1999,1950.9,25.35
Guinea,GIN,2000,1754.55,25.53
Guinea,GIN,2001,1686.07,25.78
Guinea,GIN,2002,1619.18,26.13
Guinea,GIN,2003,1878.88,25.94
Guinea,GIN,2004,1819.88,26.07
Guinea,GIN,2005,1799.98,26.12
Guinea,GIN,2006,1924.16,25.9
Guinea,GIN,2007,1639.76,25.97
Guinea,GIN,2008,1870.92,25.75
Guinea,GIN,2009,1737.21,25.87
Guinea,GIN,2010,2023.73,26.23
Guinea,GIN,2011,1724.32,25.99
Guinea,GIN,2012,1823.66,25.64
Guinea,GIN,2013,1845.6,25.91
Guinea,GIN,2014,1730.84,25.89
Guinea,GIN,2015,1873.65,26.07
Guinea,GIN,2016,1780.27,26.3
Guinea,GIN,2017,1710.41,26.24
Guinea,GIN,2018,1775.39,26.15
Guinea,GIN,2019,1799.95,25.84
Guinea,GIN,2020,1768.81,26.34
Guinea,GIN,2021,1804.02,26.69
Guinea,GIN,2022,2021.48,25.98
Guinea,GIN,2023,1886.8,26.6
Guyana,GUY,1990,2999.0,26.04
Guyana,GUY,1991,2297.42,25.72
Guyana,GUY,1992,1770.18,25.27
Guyana,GUY,1993,2510.95,25.35
Guyana,GUY,1994,2276.18,25.57
Guyana,GUY,1995,2245.14,26.26
Guyana,GUY,1996,2582.07,25.95
Guyana,GUY,1997,2350.2,26.28
Guyana,GUY,1998,2466.27,26.75
Guyana,GUY,1999,2665.52,25.96
Guyana,GUY,2000,2918.02,26.01
Guyana,GUY,2001,1957.06,26.27
Guyana,GUY,2002,2347.46,26.01
Guyana,GUY,2003,2176.64,26.51
Guyana,GUY,2004,2326.85,26.2
Guyana,GUY,2005,2734.39,26.27
Guyana,GUY,2006,2667.93,26.25
Guyana,GUY,2007,2897.64,26.08
Guyana,GUY,2008,2927.08,25.98
Guyana,GUY,2009,2183.66,26.31
Guyana,GUY,2010,2619.06,26.52
Guyana,GUY,2011,2569.44,26.03
Guyana,GUY,2012,2351.99,25.85
Guyana,GUY,2013,2465.31,25.95
Guyana,GUY,2014,1820.98,26.19
Guyana,GUY,2015,2129.89,26.61
Guyana,GUY,2016,2272.73,26.41
Guyana,GUY,2017,2352.04,26.35
Guyana,GUY,2018,2301.87,26.13
Guyana,GUY,2019,2358.25,26.37
Guyana,GUY,2020,2714.22,26.45
Guyana,GUY,2021,3136.77,26.19
Guyana,GUY,2022,3104.83,26.15
Guyana,GUY,2023,2308.61,26.67
Haiti,HTI,1990,1460.65,24.65
Haiti,HTI,1991,1171.99,24.61
Haiti,HTI,1992,1230.13,24.73
Haiti,HTI,1993,1605.15,24.75
Haiti,HTI,1994,1287.56,24.95
Haiti,HTI,1995,1635.53,24.95
Haiti,HTI,1996,1487.94,24.6
Haiti,HTI,1997,1358.19,25.18
Haiti,HTI,1998,1723.67,25.35
Haiti,HTI,1999,1065.7,24.83
Haiti,HTI,2000,1490.02,24.73
Haiti,HTI,2001,1766.56,24.88
Haiti,HTI,2002,1355.17,25.04
Haiti,HTI,2003,1740.42,25.02
Haiti,HTI,2004,1329.27,24.79
Haiti,HTI,2005,2016.95,24.77
Haiti,HTI,2006,1411.12,24.78
Haiti,HTI,2007,2179.22,24.76
Haiti,HTI,2008,1438.21,24.52
Haiti,HTI,2009,1344.7,24.74
Haiti,HTI,2010,1711.53,24.66
Haiti,HTI,2011,1729.08,24.54
Haiti,HTI,2012,1674.01,24.83
Haiti,HTI,2013,1015.76,25.07
Haiti,HTI,2014,1558.82,25.2
Haiti,HTI,2015,1326.72,25.41
Haiti,HTI,2016,1830.63,25.25
Haiti,HTI,2017,1655.11,25.17
Haiti,HTI,2018,1317.82,25.09
Haiti,HTI,2019,1493.81,25.38
Haiti,HTI,2020,1432.52,25.39
Haiti,HTI,2021,1499.91,25.13
Haiti,HTI,2022,1296.49,25.02
Haiti,HTI,2023,1693.28,25.59
Honduras,HND,1990,1881.63,24.36
Honduras,HND,1991,1689.12,24.5
Honduras,HND,1992,2208.55,24.48
Honduras,HND,1993,2059.68,24.44
Honduras,HND,1994,1593.06,24.53
Honduras,HND,1995,1999.85,24.66
Honduras,HND,1996,1915.41,24.22
Honduras,HND,1997,1859.94,24.73
Honduras,HND,1998,1921.89,24.86
Honduras,HND,1999,1818.1,24.13
Honduras,HND,2000,1842.23,24.32
Honduras,HND,2001,1883.64,24.66
Honduras,HND,2002,1758.89,24.81
Honduras,HND,2003,1722.89,24.91
Honduras,HND,2004,1820.37,24.74
Honduras,HND,2005,1831.51,24.72
Honduras,HND,2006,2245.58,24.76
Honduras,HND,2007,1697.71,24.72
Honduras,HND,2008,2042.42,24.52
Honduras,HND,2009,1667.2,24.84
Honduras,HND,2010,1827.86,24.47
Honduras,HND,2011,1934.74,24.64
Honduras,HND,2012,1824.11,24.77
Honduras,HND,2013,2084.57,24.79
Honduras,HND,2014,1808.44,24.77
Honduras,HND,2015,1719.7,25.15
Honduras,HND,2016,1836.41,25.2
Honduras,HND,2017,1965.85,24.98
Honduras,HND,2018,1806.78,24.63
Honduras,HND,2019,1567.15,25.04
Honduras,HND,2020,1803.47,25.23
Honduras,HND,2021,1823.82,25.03
Honduras,HND,2022,1962.83,24.76
Honduras,HND,2023,1829.63,25.39
Hungary,HUN,1990,525.21,11.34
Hungary,HUN,1991,624.47,10.2
Hungary,HUN,1992,528.17,11.42
Hungary,HUN,1993,553.22,10.67
Hungary,HUN,1994,575.98,12.08
Hungary,HUN,1995,673.59,10.89
Hungary,HUN,1996,649.78,9.95
Hungary,HUN,1997,531.87,10.5
Hungary,HUN,1998,685.53,10.99
Hungary,HUN,1999,714.13,11.18
Hungary,HUN,2000,462.65,12.17
Hungary,HUN,2001,588.62,11.11
Hungary,HUN,2002,604.7,11.92
Hungary,HUN,2003,466.94,11.17
Hungary,HUN,2004,670.61,10.87
Hungary,HUN,2005,693.37,10.54
Hungary,HUN,2006,574.99,11.17
Hungary,HUN,2007,638.29,12.29
Hungary,HUN,2008,607.24,12.09
Hungary,HUN,2009,642.39,11.97
Hungary,HUN,2010,871.92,10.96
Hungary,HUN,2011,438.33,11.54
Hungary,HUN,2012,530.63,11.93
Hungary,HUN,2013,623.1,11.78
Hungary,HUN,2014,741.1,12.62
Hungary,HUN,2015,577.52,12.42
Hungary,HUN,2016,737.85,11.85
Hungary,HUN,2017,620.99,11.95
Hungary,HUN,2018,599.07,12.83
Hungary,HUN,2019,627.83,12.9
Hungary,HUN,2020,644.39,12.32
Hungary,HUN,2021,563.11,11.58
Hungary,HUN,2022,504.41,12.68
Hungary,HUN,2023,755.51,13.09
India,IND,1990,1232.09,24.49
India,IND,1991,1038.9,24.62
India,IND,1992,975.85,24.48
India,IND,1993,1080.32,24.7
India,IND,1994,1140.81,24.56
India,IND,1995,1150.26,24.72
India,IND,1996,1113.85,24.77
India,IND,1997,1127.26,24.22
India,IND,1998,1186.89,24.99
India,IND,1999,1077.97,24.88
India,IND,2000,1057.7,24.8
India,IND,2001,1037.87,24.93
India,IND,2002,929.22,25.2
India,IND,2003,1061.99,24.93
India,IND,2004,1038.25,25.03
India,IND,2005,1106.9,24.77
India,IND,2006,1176.78,25.03
India,IND,2007,1126.04,25.06
India,IND,2008,1164.01,24.82
India,IND,2009,1005.53,25.57
India,IND,2010,1228.79,25.51
India,IND,2011,1145.44,24.88
India,IND,2012,1070.74,24.83
India,IND,2013,1235.33,24.71
India,IND,2014,1067.63,24.86
India,IND,2015,1126.34,24.98
India,IND,2016,1127.91,25.36
India,IND,2017,1157.33,25.23
India,IND,2018,1034.79,25.11
India,IND,2019,1301.33,25.02
India,IND,2020,1227.51,24.86
India,IND,2021,1211.27,25.07
India,IND,2022,1272.63,25.18
India,IND,2023,1161.45,25.02
Indonesia,IDN,1990,2607.6,25.87
Indonesia,IDN,1991,2465.23,25.8
Indonesia,IDN,1992,2650.46,25.81
Indonesia,IDN,1993,2559.03,25.76
Indonesia,IDN,1994,2547.32,25.79
Indonesia,IDN,1995,2908.33,25.84
Indonesia,IDN,1996,2810.25,25.85
Indonesia,IDN,1997,2297.07,25.95
Indonesia,IDN,1998,2855.01,26.18
Indonesia,IDN,1999,2891.97,25.79
Indonesia,IDN,2000,2904.56,25.86
Indonesia,IDN,2001,2855.25,25.92
Indonesia,IDN,2002,2592.21,26.06
Indonesia,IDN,2003,2861.02,25.92
Indonesia,IDN,2004,2647.45,25.92
Indonesia,IDN,2005,2744.18,25.94
Indonesia,IDN,2006,2646.07,25.83
Indonesia,IDN,2007,2855.05,25.85
Indonesia,IDN,2008,2988.4,25.72
Indonesia,IDN,2009,2773.93,25.98
Indonesia,IDN,2010,3257.27,26.09
Indonesia,IDN,2011,2894.5,25.89
Indonesia,IDN,2012,2847.52,25.99
Indonesia,IDN,2013,2885.96,26.06
Indonesia,IDN,2014,2609.29,26.04
Indonesia,IDN,2015,2492.93,26.12
Indonesia,IDN,2016,2908.04,26.24
Indonesia,IDN,2017,2994.52,26.04
Indonesia,IDN,2018,2790.79,26.05
Indonesia,IDN,2019,2518.62,26.2
Indonesia,IDN,2020,2959.72,26.2
Indonesia,IDN,2021,3049.09,26.01
Indonesia,IDN,2022,3110.32,25.96
Indonesia,IDN,2023,2681.58,26.17
Iraq,IRQ,1990,156.13,22.32
Iraq,IRQ,1991,213.91,22.26
Iraq,IRQ,1992,223.26,20.96
Iraq,IRQ,1993,240.08,21.89
Iraq,IRQ,1994,234.53,22.81
Iraq,IRQ,1995,154.2,22.49
Iraq,IRQ,1996,238.59,22.87
Iraq,IRQ,1997,201.03,22.16
Iraq,IRQ,1998,171.54,23.37
Iraq,IRQ,1999,169.25,23.37
Iraq,IRQ,2000,178.36,22.86
Iraq,IRQ,2001,187.23,23.48
Iraq,IRQ,2002,209.29,22.84
Iraq,IRQ,2003,214.56,23.01
Iraq,IRQ,2004,201.31,22.88
Iraq,IRQ,2005,180.76,22.96
Iraq,IRQ,2006,220.15,23.0
Iraq,IRQ,2007,176.58,22.92
Iraq,IRQ,2008,134.23,23.09
Iraq,IRQ,2009,174.82,23.07
Iraq,IRQ,2010,155.73,24.47
Iraq,IRQ,2011,179.33,22.61
Iraq,IRQ,2012,176.99,23.21
Iraq,IRQ,2013,197.78,22.87
Iraq,IRQ,2014,180.64,23.32
Iraq,IRQ,2015,171.66,23.54
Iraq,IRQ,2016,212.7,23.36
Iraq,IRQ,2017,169.78,23.38
Iraq,IRQ,2018,236.69,24.18
Iraq,IRQ,2019,211.85,23.55
Iraq,IRQ,2020,211.63,23.43
Iraq,IRQ,2021,153.42,24.26
Iraq,IRQ,2022,164.88,23.84
Iraq,IRQ,2023,191.01,24.05
Ireland,IRL,1990,1201.65,10.1
Ireland,IRL,1991,1079.18,9.45
Ireland,IRL,1992,1148.86,9.47
Ireland,IRL,1993,1232.86,9.21
Ireland,IRL,1994,1302.71,9.61
Ireland,IRL,1995,1139.31,10.14
Ireland,IRL,1996,1125.35,9.16
Ireland,IRL,1997,1142.77,10.29
Ireland,IRL,1998,1336.56,10.06
Ireland,IRL,1999,1278.93,10.12
Ireland,IRL,2000,1298.96,9.76
Ireland,IRL,2001,982.49,9.64
Ireland,IRL,2002,1438.26,10.04
Ireland,IRL,2003,1010.88,10.12
Ireland,IRL,2004,1120.81,10.02
Ireland,IRL,2005,1101.04,10.08
Ireland,IRL,2006,1219.82,10.23
Ireland,IRL,2007,1102.27,10.34
Ireland,IRL,2008,1335.17,9.71
Ireland,IRL,2009,1374.2,9.76
Ireland,IRL,2010,1053.3,8.77
Ireland,IRL,2011,1196.24,9.88
Ireland,IRL,2012,1229.5,9.54
Ireland,IRL,2013,1135.8,9.57
Ireland,IRL,2014,1354.57,10.25
Ireland,IRL,2015,1374.08,9.56
Ireland,IRL,2016,1143.26,9.86
Ireland,IRL,2017,1194.94,10.11
Ireland,IRL,2018,1222.82,9.83
Ireland,IRL,2019,1289.25,9.99
Ireland,IRL,2020,1370.59,9.94
Ireland,IRL,2021,1162.54,10.02
Ireland,IRL,2022,1157.08,10.5
Ireland,IRL,2023,1395.94,10.66
Italy,ITA,1990,806.91,13.06
Italy,ITA,1991,789.79,12.24
Italy,ITA,1992,834.88,12.9
Italy,ITA,1993,788.64,12.65
Italy,ITA,1994,791.42,13.68
Italy,ITA,1995,849.33,12.66
Italy,ITA,1996,1030.2,12.18
Italy,ITA,1997,769.99,13.14
Italy,ITA,1998,784.84,12.93
Italy,ITA,1999,855.68,13.15
Italy,ITA,2000,835.15,13.47
Italy,ITA,2001,769.33,13.16
Italy,ITA,2002,951.39,13.44
Italy,ITA,2003,716.72,13.47
Italy,ITA,2004,854.46,12.9
Italy,ITA,2005,839.24,12.58
Italy,ITA,2006,729.73,13.29
Italy,ITA,2007,736.59,13.45
Italy,ITA,2008,929.67,13.29
Italy,ITA,2009,890.65,13.36
Italy,ITA,2010,986.38,12.68
Italy,ITA,2011,719.85,13.64
Italy,ITA,2012,741.23,13.44
Italy,ITA,2013,855.7,13.13
Italy,ITA,2014,938.64,13.97
Italy,ITA,2015,687.16,13.88
Italy,ITA,2016,745.29,13.61
Italy,ITA,2017,628.44,13.5
Italy,ITA,2018,764.34,14.19
Italy,ITA,2019,891.26,13.97
Italy,ITA,2020,761.08,13.98
Italy,ITA,2021,712.17,13.47
Italy,ITA,2022,578.66,14.44
Italy,ITA,2023,772.88,14.38
Jamaica,JAM,1990,1787.34,25.63
Jamaica,JAM,1991,1725.66,25.56
Jamaica,JAM,1992,1468.16,25.68
Jamaica,JAM,1993,2414.45,25.71
Jamaica,JAM,1994,1689.96,25.96
Jamaica,JAM,1995,2088.71,25.87
Jamaica,JAM,1996,2290.3,25.38
Jamaica,JAM,1997,1435.22,26.09
Jamaica,JAM,1998,1893.18,26.35
Jamaica,JAM,1999,2162.86,25.82
Jamaica,JAM,2000,1710.71,25.73
Jamaica,JAM,2001,2024.43,25.9
Jamaica,JAM,2002,1795.73,26.13
Jamaica,JAM,2003,2001.96,26.14
Jamaica,JAM,2004,1551.05,25.93
Jamaica,JAM,2005,2489.47,25.91
Jamaica,JAM,2006,1705.65,26.1
Jamaica,JAM,2007,2466.4,25.92
Jamaica,JAM,2008,1898.92,25.64
Jamaica,JAM,2009,1688.33,25.77
Jamaica,JAM,2010,2575.4,25.43
Jamaica,JAM,2011,2282.74,25.61
Jamaica,JAM,2012,1719.12,25.82
Jamaica,JAM,2013,1449.41,26.19
Jamaica,JAM,2014,2237.02,26.22
Jamaica,JAM,2015,1399.04,26.44
Jamaica,JAM,2016,1751.79,26.32
Jamaica,JAM,2017,2844.5,26.24
Jamaica,JAM,2018,1400.07,26.17
Jamaica,JAM,2019,1607.67,26.41
Jamaica,JAM,2020,2222.43,26.38
Jamaica,JAM,2021,2036.11,26.16
Jamaica,JAM,2022,1802.83,26.1
Jamaica,JAM,2023,1955.05,26.65
Japan,JPN,1990,1759.72,12.29
Japan,JPN,1991,1797.81,11.66
Japan,JPN,1992,1518.43,11.37
Japan,JPN,1993,1928.19,10.87
Japan,JPN,1994,1188.06,12.12
Japan,JPN,1995,1484.84,11.35
Japan,JPN,1996,1370.37,10.97
Japan,JPN,1997,1595.3,11.63
Japan,JPN,1998,1922.33,12.23
Japan,JPN,1999,1723.52,11.99
Japan,JPN,2000,1516.11,11.8
Japan,JPN,2001,1539.67,11.49
Japan,JPN,2002,1546.17,11.77
Japan,JPN,2003,1724.14,11.45
Japan,JPN,2004,1685.37,12.38
Japan,JPN,2005,1359.55,11.48
Japan,JPN,2006,1811.66,11.68
Japan,JPN,2007,1436.61,12.13
Japan,JPN,2008,1490.25,11.81
Japan,JPN,2009,1671.76,11.88
Japan,JPN,2010,1774.23,12.15
Japan,JPN,2011,1737.3,11.69
Japan,JPN,2012,1728.93,11.49
Japan,JPN,2013,1690.84,11.9
Japan,JPN,2014,1715.62,11.66
Japan,JPN,2015,1801.14,12.19
Japan,JPN,2016,1831.64,12.3
Japan,JPN,2017,1496.24,11.66
Japan,JPN,2018,1810.35,12.25
Japan,JPN,2019,1554.53,12.42
Japan,JPN,2020,1785.32,12.43
Japan,JPN,2021,1796.73,12.45
Japan,JPN,2022,1585.41,12.42
Japan,JPN,2023,1636.69,12.99
Kazakhstan,KAZ,1990,288.07,7.16
Kazakhstan,KAZ,1991,205.08,7.03
Kazakhstan,KAZ,1992,266.98,6.13
Kazakhstan,KAZ,1993,306.15,5.29
Kazakhstan,KAZ,1994,260.31,5.95
Kazakhstan,KAZ,1995,209.13,7.71
Kazakhstan,KAZ,1996,215.34,5.38
Kazakhstan,KAZ,1997,230.59,7.29
Kazakhstan,KAZ,1998,242.71,6.65
Kazakhstan,KAZ,1999,257.21,7.36
Kazakhstan,KAZ,2000,267.3,7.14
Kazakhstan,KAZ,2001,269.17,7.23
Kazakhstan,KAZ,2002,296.61,7.63
Kazakhstan,KAZ,2003,286.18,6.59
Kazakhstan,KAZ,2004,272.14,7.75
Kazakhstan,KAZ,2005,234.08,7.49
Kazakhstan,KAZ,2006,259.74,7.28
Kazakhstan,KAZ,2007,249.01,7.59
Kazakhstan,KAZ,2008,220.99,7.49
Kazakhstan,KAZ,2009,270.14,6.88
Kazakhstan,KAZ,2010,238.39,7.36
Kazakhstan,KAZ,2011,258.51,6.29
Kazakhstan,KAZ,2012,233.31,6.72
Kazakhstan,KAZ,2013,295.97,8.06
Kazakhstan,KAZ,2014,250.74,6.49
Kazakhstan,KAZ,2015,296.3,7.82
Kazakhstan,KAZ,2016,328.44,7.71
Kazakhstan,KAZ,2017,241.48,7.55
Kazakhstan,KAZ,2018,252.85,6.46
Kazakhstan,KAZ,2019,237.06,7.78
Kazakhstan,KAZ,2020,236.53,8.31
Kazakhstan,KAZ,2021,223.13,7.78
Kazakhstan,KAZ,2022,254.67,8.0
Kazakhstan,KAZ,2023,260.01,8.91
Kenya,KEN,1990,777.64,24.74
Kenya,KEN,1991,628.57,24.79
Kenya,KEN,1992,653.4,24.64
Kenya,KEN,1993,627.94,24.57
Kenya,KEN,1994,722.58,24.73
Kenya,KEN,1995,662.39,24.92
Kenya,KEN,1996,541.56,24.76
Kenya,KEN,1997,973.93,24.72
Kenya,KEN,1998,727.54,25.02
Kenya,KEN,1999,620.61,24.65
Kenya,KEN,2000,498.21,24.79
Kenya,KEN,2001,650.68,25.08
Kenya,KEN,2002,813.22,25.23
Kenya,KEN,2003,651.28,25.21
Kenya,KEN,2004,658.86,25.05
Kenya,KEN,2005,548.35,24.96
Kenya,KEN,2006,794.1,25.07
Kenya,KEN,2007,713.19,24.95
Kenya,KEN,2008,685.32,24.91
Kenya,KEN,2009,688.16,25.49
Kenya,KEN,2010,676.19,25.28
Kenya,KEN,2011,653.46,25.14
Kenya,KEN,2012,807.36,24.82
Kenya,KEN,2013,761.48,25.1
Kenya,KEN,2014,629.87,25.08
Kenya,KEN,2015,805.62,25.16
Kenya,KEN,2016,719.98,25.48
Kenya,KEN,2017,1044.68,25.19
Kenya,KEN,2018,826.54,24.83
Kenya,KEN,2019,1123.45,25.25
Kenya,KEN,2020,805.67,25.27
Kenya,KEN,2021,1025.97,25.16
Kenya,KEN,2022,928.14,25.17
Kenya,KEN,2023,1046.49,25.54
Latvia,LVA,1990,827.21,7.34
Latvia,LVA,1991,656.21,6.63
Latvia,LVA,1992,620.06,6.94
Latvia,LVA,1993,661.19,5.85
Latvia,LVA,1994,665.04,6.22
Latvia,LVA,1995,679.52,6.53
Latvia,LVA,1996,563.87,5.13
Latvia,LVA,1997,719.79,6.34
Latvia,LVA,1998,771.27,6.09
Latvia,LVA,1999,624.01,7.15
Latvia,LVA,2000,644.27,7.58
Latvia,LVA,2001,766.53,6.62
Latvia,LVA,2002,569.97,7.07
Latvia,LVA,2003,647.92,6.32
Latvia,LVA,2004,691.3,6.4
Latvia,LVA,2005,605.87,6.54
Latvia,LVA,2006,609.0,6.98
Latvia,LVA,2007,703.66,7.38
Latvia,LVA,2008,699.74,7.71
Latvia,LVA,2009,743.28,6.63
Latvia,LVA,2010,800.36,5.7
Latvia,LVA,2011,650.15,7.27
Latvia,LVA,2012,801.53,6.26
Latvia,LVA,2013,659.41,7.1
Latvia,LVA,2014,671.7,7.43
Latvia,LVA,2015,577.6,7.93
Latvia,LVA,2016,739.17,7.12
Latvia,LVA,2017,821.46,6.96
Latvia,LVA,2018,578.4,7.59
Latvia,LVA,2019,668.11,7.96
Latvia,LVA,2020,657.1,8.57
Latvia,LVA,2021,689.96,6.79
Latvia,LVA,2022,637.27,7.43
Latvia,LVA,2023,723.22,7.85
Lebanon,LBN,1990,436.5,14.72
Lebanon,LBN,1991,932.21,14.62
Lebanon,LBN,1992,871.48,13.35
Lebanon,LBN,1993,486.09,14.38
Lebanon,LBN,1994,908.1,15.22
Lebanon,LBN,1995,458.17,14.73
Lebanon,LBN,1996,661.58,15.22
Lebanon,LBN,1997,681.73,14.26
Lebanon,LBN,1998,612.38,15.67
Lebanon,LBN,1999,384.44,15.58
Lebanon,LBN,2000,704.56,14.93
Lebanon,LBN,2001,701.04,15.64
Lebanon,LBN,2002,736.33,15.24
Lebanon,LBN,2003,890.57,15.26
Lebanon,LBN,2004,632.53,15.11
Lebanon,LBN,2005,580.4,15.1
Lebanon,LBN,2006,575.75,14.99
Lebanon,LBN,2007,578.78,15.23
Lebanon,LBN,2008,435.73,15.44
Lebanon,LBN,2009,702.26,15.32
Lebanon,LBN,2010,499.55,16.91
Lebanon,LBN,2011,745.92,14.83
Lebanon,LBN,2012,884.54,15.69
Lebanon,LBN,2013,605.68,15.52
Lebanon,LBN,2014,538.25,15.83
Lebanon,LBN,2015,688.62,15.55
Lebanon,LBN,2016,621.03,15.85
Lebanon,LBN,2017,390.2,15.61
Lebanon,LBN,2018,782.46,16.35
Lebanon,LBN,2019,831.4,15.71
Lebanon,LBN,2020,851.6,15.87
Lebanon,LBN,2021,589.25,16.14
Lebanon,LBN,2022,646.88,15.56
Lebanon,LBN,2023,756.83,16.28
Lesotho,LSO,1990,679.6,12.12
Lesotho,LSO,1991,951.82,12.03
Lesotho,LSO,1992,498.97,12.84
Lesotho,LSO,1993,772.27,12.52
Lesotho,LSO,1994,644.41,11.72
Lesotho,LSO,1995,788.38,12.16
Lesotho,LSO,1996,1014.18,11.57
Lesotho,LSO,1997,865.48,11.9
Lesotho,LSO,1998,947.78,12.49
Lesotho,LSO,1999,756.5,12.75
Lesotho,LSO,2000,948.53,11.59
Lesotho,LSO,2001,980.74,12.03
Lesotho,LSO,2002,785.03,12.09
Lesotho,LSO,2003,647.08,12.45
Lesotho,LSO,2004,755.21,12.64
Lesotho,LSO,2005,664.06,12.72
Lesotho,LSO,2006,1032.53,12.05
Lesotho,LSO,2007,784.43,12.5
Lesotho,LSO,2008,793.3,12.58
Lesotho,LSO,2009,853.13,12.38
Lesotho,LSO,2010,960.42,12.76
Lesotho,LSO,2011,946.64,12.06
Lesotho,LSO,2012,749.42,12.37
Lesotho,LSO,2013,632.55,12.34
Lesotho,LSO,2014,720.5,12.57
Lesotho,LSO,2015,519.99,13.02
Lesotho,LSO,2016,665.24,13.15
Lesotho,LSO,2017,702.44,12.72
Lesotho,LSO,2018,608.16,12.91
Lesotho,LSO,2019,714.42,13.53
Lesotho,LSO,2020,910.11,12.66
Lesotho,LSO,2021,1038.47,12.31
Lesotho,LSO,2022,879.81,12.65
Lesotho,LSO,2023,839.83,12.82
Libya,LBY,1990,40.43,22.56
Libya,LBY,1991,44.96,22.31
Libya,LBY,1992,37.34,21.78
Libya,LBY,1993,35.11,22.42
Libya,LBY,1994,49.48,22.61
Libya,LBY,1995,48.1,22.55
Libya,LBY,1996,41.02,22.6
Libya,LBY,1997,43.03,22.58
Libya,LBY,1998,39.5,22.91
Libya,LBY,1999,34.39,23.21
Libya,LBY,2000,36.95,22.47
Libya,LBY,2001,36.3,23.17
Libya,LBY,2002,34.21,23.02
Libya,LBY,2003,40.66,23.04
Libya,LBY,2004,32.68,22.91
Libya,LBY,2005,38.02,22.83
Libya,LBY,2006,49.5,22.85
Libya,LBY,2007,34.84,23.01
Libya,LBY,2008,39.53,23.15
Libya,LBY,2009,29.81,23.08
Libya,LBY,2010,29.2,24.01
Libya,LBY,2011,39.43,22.53
Libya,LBY,2012,40.4,22.91
Libya,LBY,2013,36.12,22.97
Libya,LBY,2014,38.23,22.91
Libya,LBY,2015,37.4,22.58
Libya,LBY,2016,26.45,22.99
Libya,LBY,2017,38.04,22.57
Libya,LBY,2018,42.54,23.05
Libya,LBY,2019,43.04,22.66
Libya,LBY,2020,33.35,22.61
Libya,LBY,2021,30.57,23.02
Libya,LBY,2022,38.78,22.79
Libya,LBY,2023,38.82,22.91
Lithuania,LTU,1990,787.31,7.84
Lithuania,LTU,1991,607.95,7.12
Lithuania,LTU,1992,642.45,7.38
Lithuania,LTU,1993,699.34,6.33
Lithuania,LTU,1994,677.81,6.85
Lithuania,LTU,1995,683.18,6.98
Lithuania,LTU,1996,554.42,5.54
Lithuania,LTU,1997,698.78,6.62
Lithuania,LTU,1998,776.19,6.61
Lithuania,LTU,1999,641.74,7.71
Lithuania,LTU,2000,633.16,8.05
Lithuania,LTU,2001,761.21,7.12
Lithuania,LTU,2002,607.75,7.71
Lithuania,LTU,2003,631.28,6.81
Lithuania,LTU,2004,706.63,6.87
Lithuania,LTU,2005,638.8,6.96
Lithuania,LTU,2006,610.35,7.3
Lithuania,LTU,2007,742.36,7.9
Lithuania,LTU,2008,694.41,8.16
Lithuania,LTU,2009,744.61,7.18
Lithuania,LTU,2010,833.06,6.46
Lithuania,LTU,2011,643.16,7.67
Lithuania,LTU,2012,789.31,6.87
Lithuania,LTU,2013,697.4,7.59
Lithuania,LTU,2014,659.59,7.92
Lithuania,LTU,2015,581.49,8.49
Lithuania,LTU,2016,756.97,7.72
Lithuania,LTU,2017,833.09,7.58
Lithuania,LTU,2018,581.13,8.16
Lithuania,LTU,2019,609.76,8.66
Lithuania,LTU,2020,641.48,9.01
Lithuania,LTU,2021,710.65,7.25
Lithuania,LTU,2022,672.73,7.97
Lithuania,LTU,2023,713.38,8.62
Madagascar,MDG,1990,1141.92,22.25
Madagascar,MDG,1991,1351.03,22.25
Madagascar,MDG,1992,1493.72,22.27
Madagascar,MDG,1993,1538.88,22.19
Madagascar,MDG,1994,1359.18,22.46
Madagascar,MDG,1995,1495.97,22.42
Madagascar,MDG,1996,1528.09,22.27
Madagascar,MDG,1997,1574.68,22.5
Madagascar,MDG,1998,1673.29,22.8
Madagascar,MDG,1999,1425.0,22.39
Madagascar,MDG,2000,1404.24,22.46
Madagascar,MDG,2001,1528.41,22.48
Madagascar,MDG,2002,1591.27,22.53
Madagascar,MDG,2003,1477.74,22.72
Madagascar,MDG,2004,1563.58,22.52
Madagascar,MDG,2005,1472.7,22.65
Madagascar,MDG,2006,1501.7,22.54
Madagascar,MDG,2007,1500.13,22.62
Madagascar,MDG,2008,1525.09,22.38
Madagascar,MDG,2009,1531.54,22.63
Madagascar,MDG,2010,1407.22,22.96
Madagascar,MDG,2011,1385.45,22.82
Madagascar,MDG,2012,1392.63,22.76
Madagascar,MDG,2013,1509.41,22.69
Madagascar,MDG,2014,1532.28,22.9
Madagascar,MDG,2015,1375.62,22.95
Madagascar,MDG,2016,1261.52,22.81
Madagascar,MDG,2017,1345.22,23.07
Madagascar,MDG,2018,1506.99,22.92
Madagascar,MDG,2019,1560.75,23.1
Madagascar,MDG,2020,1377.17,22.86
Madagascar,MDG,2021,1339.57,22.84
Madagascar,MDG,2022,1400.63,22.69
Madagascar,MDG,2023,1444.16,23.08
Malawi,MWI,1990,873.1,22.49
Malawi,MWI,1991,1053.33,22.36
Malawi,MWI,1992,733.41,22.94
Malawi,MWI,1993,993.89,22.46
Malawi,MWI,1994,841.93,22.52
Malawi,MWI,1995,927.4,22.95
Malawi,MWI,1996,1139.92,22.46
Malawi,MWI,1997,1195.7,22.51
Malawi,MWI,1998,878.92,22.86
Malawi,MWI,1999,1220.83,22.21
Malawi,MWI,2000,1147.64,22.26
Malawi,MWI,2001,1157.13,22.5
Malawi,MWI,2002,987.11,22.71
Malawi,MWI,2003,1001.49,22.75
Malawi,MWI,2004,1155.95,22.64
Malawi,MWI,2005,880.22,23.42
Malawi,MWI,2006,978.76,22.67
Malawi,MWI,2007,1094.74,22.71
Malawi,MWI,2008,1082.01,22.54
Malawi,MWI,2009,1102.02,22.61
Malawi,MWI,2010,937.77,23.08
Malawi,MWI,2011,1147.43,22.45
Malawi,MWI,2012,1001.57,22.48
Malawi,MWI,2013,1055.18,22.47
Malawi,MWI,2014,999.97,22.55
Malawi,MWI,2015,921.46,22.87
Malawi,MWI,2016,970.97,22.83
Malawi,MWI,2017,1166.4,22.64
Malawi,MWI,2018,1170.39,22.62
Malawi,MWI,2019,1400.73,22.84
Malawi,MWI,2020,1029.23,22.77
Malawi,MWI,2021,800.88,22.76
Malawi,MWI,2022,1224.71,22.53
Malawi,MWI,2023,1156.74,22.92
Malaysia,MYS,1990,2418.74,26.24
Malaysia,MYS,1991,2660.68,26.23
Malaysia,MYS,1992,2451.57,26.13
Malaysia,MYS,1993,2809.41,26.06
Malaysia,MYS,1994,2971.6,26.14
Malaysia,MYS,1995,3189.74,26.18
Malaysia,MYS,1996,3157.45,26.1
Malaysia,MYS,1997,2530.2,26.41
Malaysia,MYS,1998,2640.24,26.79
Malaysia,MYS,1999,3379.54,26.15
Malaysia,MYS,2000,3236.22,26.29
Malaysia,MYS,2001,2964.7,26.39
Malaysia,MYS,2002,2623.02,26.57
Malaysia,MYS,2003,3095.79,26.37
Malaysia,MYS,2004,2817.28,26.32
Malaysia,MYS,2005,2789.45,26.36
Malaysia,MYS,2006,3095.2,26.27
Malaysia,MYS,2007,3245.54,26.2
Malaysia,MYS,2008,3552.88,26.02
Malaysia,MYS,2009,3382.51,26.3
Malaysia,MYS,2010,3093.68,26.46
Malaysia,MYS,2011,3429.26,26.23
Malaysia,MYS,2012,3211.61,26.41
Malaysia,MYS,2013,3062.72,26.51
Malaysia,MYS,2014,2801.78,26.42
Malaysia,MYS,2015,2667.94,26.65
Malaysia,MYS,2016,2858.02,26.94
Malaysia,MYS,2017,3288.66,26.5
Malaysia,MYS,2018,3223.29,26.54
Malaysia,MYS,2019,2620.33,26.82
Malaysia,MYS,2020,3042.18,26.7
Malaysia,MYS,2021,3287.5,26.48
Malaysia,MYS,2022,3485.35,26.35
Malaysia,MYS,2023,3107.1,26.77
Mali,MLI,1990,263.57,29.21
Mali,MLI,1991,308.02,28.85
Mali,MLI,1992,294.95,28.59
Mali,MLI,1993,284.19,29.1
Mali,MLI,1994,383.41,28.46
Mali,MLI,1995,305.41,28.93
Mali,MLI,1996,291.87,29.25
Mali,MLI,1997,299.14,29.19
Mali,MLI,1998,327.12,29.44
Mali,MLI,1999,390.58,28.82
Mali,MLI,2000,294.99,29.06
Mali,MLI,2001,302.25,29.23
Mali,MLI,2002,267.0,29.47
Mali,MLI,2003,372.82,29.38
Mali,MLI,2004,322.5,29.46
Mali,MLI,2005,326.38,29.51
Mali,MLI,2006,322.0,29.18
Mali,MLI,2007,312.04,29.29
Mali,MLI,2008,347.25,28.9
Mali,MLI,2009,333.73,29.52
Mali,MLI,2010,396.93,29.74
Mali,MLI,2011,294.88,29.47
Mali,MLI,2012,364.12,29.0
Mali,MLI,2013,335.0,29.26
Mali,MLI,2014,327.16,29.23
Mali,MLI,2015,336.07,29.29
Mali,MLI,2016,335.8,29.51
Mali,MLI,2017,307.36,29.41
Mali,MLI,2018,351.29,29.36
Mali,MLI,2019,349.47,29.1
Mali,MLI,2020,367.21,29.43
Mali,MLI,2021,321.13,29.82
Mali,MLI,2022,383.68,29.23
Mali,MLI,2023,309.6,29.72
Mauritania,MRT,1990,76.21,28.7
Mauritania,MRT,1991,80.75,28.38
Mauritania,MRT,1992,82.24,28.26
Mauritania,MRT,1993,105.2,28.41
Mauritania,MRT,1994,108.85,28.08
Mauritania,MRT,1995,116.02,28.57
Mauritania,MRT,1996,89.37,28.72
Mauritania,MRT,1997,101.01,28.84
Mauritania,MRT,1998,109.87,29.13
Mauritania,MRT,1999,125.94,28.38
Mauritania,MRT,2000,106.6,28.55
Mauritania,MRT,2001,103.02,29.11
Mauritania,MRT,2002,93.56,28.98
Mauritania,MRT,2003,129.7,28.89
Mauritania,MRT,2004,110.43,28.85
Mauritania,MRT,2005,119.13,29.08
Mauritania,MRT,2006,97.3,28.92
Mauritania,MRT,2007,104.33,28.87
Mauritania,MRT,2008,128.5,28.79
Mauritania,MRT,2009,119.01,28.9
Mauritania,MRT,2010,145.38,29.43
Mauritania,MRT,2011,100.04,28.9
Mauritania,MRT,2012,127.04,28.66
Mauritania,MRT,2013,122.12,29.03
Mauritania,MRT,2014,104.57,28.78
Mauritania,MRT,2015,123.01,29.01
Mauritania,MRT,2016,109.54,29.07
Mauritania,MRT,2017,98.1,29.08
Mauritania,MRT,2018,111.08,28.56
Mauritania,MRT,2019,107.29,28.64
Mauritania,MRT,2020,126.09,29.1
Mauritania,MRT,2021,112.88,29.2
Mauritania,MRT,2022,135.84,28.91
Mauritania,MRT,2023,113.86,29.37
Mauritius,MUS,1990,1471.98,22.7
Mauritius,MUS,1991,1899.7,23.06
Mauritius,MUS,1992,1403.38,22.72
Mauritius,MUS,1993,2847.64,22.78
Mauritius,MUS,1994,1959.54,22.96
Mauritius,MUS,1995,2116.73,22.83
Mauritius,MUS,1996,1420.91,22.58
Mauritius,MUS,1997,1902.79,22.86
Mauritius,MUS,1998,2385.99,23.2
Mauritius,MUS,1999,1229.84,22.83
Mauritius,MUS,2000,1716.81,22.77
Mauritius,MUS,2001,1714.74,23.18
Mauritius,MUS,2002,2092.94,23.15
Mauritius,MUS,2003,2182.83,23.31
Mauritius,MUS,2004,2082.94,23.22
Mauritius,MUS,2005,2539.59,23.05
Mauritius,MUS,2006,2292.52,23.23
Mauritius,MUS,2007,2053.34,23.27
Mauritius,MUS,2008,2175.62,23.21
Mauritius,MUS,2009,2183.09,23.66
Mauritius,MUS,2010,2223.65,23.69
Mauritius,MUS,2011,2137.13,23.65
Mauritius,MUS,2012,1656.72,23.51
Mauritius,MUS,2013,2024.53,23.49
Mauritius,MUS,2014,1788.81,23.89
Mauritius,MUS,2015,2399.28,23.84
Mauritius,MUS,2016,1664.87,23.6
Mauritius,MUS,2017,1906.11,24.02
Mauritius,MUS,2018,2837.32,23.78
Mauritius,MUS,2019,2097.74,24.14
Mauritius,MUS,2020,1557.42,23.55
Mauritius,MUS,2021,1940.94,23.67
Mauritius,MUS,2022,2021.24,23.26
Mauritius,MUS,2023,2374.01,24.07
Mexico,MEX,1990,818.87,21.02
Mexico,MEX,1991,756.84,20.93
Mexico,MEX,1992,777.36,20.68
Mexico,MEX,1993,773.46,20.88
Mexico,MEX,1994,652.05,21.35
Mexico,MEX,1995,756.41,21.32
Mexico,MEX,1996,717.84,21.22
Mexico,MEX,1997,722.67,20.83
Mexico,MEX,1998,773.49,21.46
Mexico,MEX,1999,780.95,21.18
Mexico,MEX,2000,716.88,21.32
Mexico,MEX,2001,694.58,21.12
Mexico,MEX,2002,738.64,21.21
Mexico,MEX,2003,784.82,21.32
Mexico,MEX,2004,840.12,21.08
Mexico,MEX,2005,726.64,21.41
Mexico,MEX,2006,815.13,21.59
Mexico,MEX,2007,783.08,21.19
Mexico,MEX,2008,796.33,21.19
Mexico,MEX,2009,687.68,21.59
Mexico,MEX,2010,822.25,20.97
Mexico,MEX,2011,699.17,21.73
Mexico,MEX,2012,714.27,21.92
Mexico,MEX,2013,926.5,21.33
Mexico,MEX,2014,862.58,21.5
Mexico,MEX,2015,771.0,21.69
Mexico,MEX,2016,801.92,21.95
Mexico,MEX,2017,796.34,22.18
Mexico,MEX,2018,784.48,21.78
Mexico,MEX,2019,724.27,21.91
Mexico,MEX,2020,695.18,22.22
Mexico,MEX,2021,832.54,21.91
Mexico,MEX,2022,748.92,21.82
Mexico,MEX,2023,630.14,22.22
Montenegro,MNE,1990,968.93,9.73
Montenegro,MNE,1991,1227.18,8.68
Montenegro,MNE,1992,1082.24,9.65
Montenegro,MNE,1993,1133.66,9.16
Montenegro,MNE,1994,1024.2,10.36
Montenegro,MNE,1995,1437.83,9.14
Montenegro,MNE,1996,1556.88,8.62
Montenegro,MNE,1997,1090.36,9.14
Montenegro,MNE,1998,1254.66,9.45
Montenegro,MNE,1999,1414.14,9.76
Montenegro,MNE,2000,1084.89,10.48
Montenegro,MNE,2001,1185.61,9.6
Montenegro,MNE,2002,1310.85,10.31
Montenegro,MNE,2003,1062.61,9.63
Montenegro,MNE,2004,1574.29,9.3
Montenegro,MNE,2005,1460.85,8.92
Montenegro,MNE,2006,1170.25,9.64
Montenegro,MNE,2007,1203.77,10.56
Montenegro,MNE,2008,1302.45,10.39
Montenegro,MNE,2009,1474.58,10.35
Montenegro,MNE,2010,1813.99,9.45
Montenegro,MNE,2011,940.49,9.96
Montenegro,MNE,2012,1210.43,10.35
Montenegro,MNE,2013,1380.74,10.23
Montenegro,MNE,2014,1594.66,10.89
Montenegro,MNE,2015,1177.29,10.7
Montenegro,MNE,2016,1434.07,10.19
Montenegro,MNE,2017,1074.66,10.33
Montenegro,MNE,2018,1178.92,11.08
Montenegro,MNE,2019,1461.12,11.23
Montenegro,MNE,2020,1190.22,10.63
Montenegro,MNE,2021,1336.68,9.99
Montenegro,MNE,2022,1098.15,10.97
Montenegro,MNE,2023,1500.17,11.37
Morocco,MAR,1990,282.87,18.05
Morocco,MAR,1991,334.09,17.3
Morocco,MAR,1992,256.05,17.39
Morocco,MAR,1993,280.39,17.06
Morocco,MAR,1994,212.37,17.94
Morocco,MAR,1995,264.08,18.46
Morocco,MAR,1996,559.87,17.68
Morocco,MAR,1997,356.2,18.34
Morocco,MAR,1998,231.9,18.04
Morocco,MAR,1999,298.34,17.78
Morocco,MAR,2000,269.49,17.98
Morocco,MAR,2001,249.97,18.38
Morocco,MAR,2002,346.05,18.11
Morocco,MAR,2003,367.93,18.32
Morocco,MAR,2004,289.02,17.99
Morocco,MAR,2005,234.93,17.99
Morocco,MAR,2006,335.01,18.36
Morocco,MAR,2007,255.93,17.99
Morocco,MAR,2008,360.83,17.97
Morocco,MAR,2009,385.85,18.5
Morocco,MAR,2010,501.79,18.57
Morocco,MAR,2011,365.21,18.37
Morocco,MAR,2012,322.42,18.22
Morocco,MAR,2013,282.88,18.01
Morocco,MAR,2014,317.27,18.46
Morocco,MAR,2015,229.15,18.61
Morocco,MAR,2016,291.81,18.69
Morocco,MAR,2017,227.21,18.92
Morocco,MAR,2018,440.07,17.77
Morocco,MAR,2019,247.88,18.3
Morocco,MAR,2020,282.96,18.63
Morocco,MAR,2021,248.66,18.53
Morocco,MAR,2022,258.52,19.17
Morocco,MAR,2023,217.18,19.04
Mozambique,MOZ,1990,825.41,24.13
Mozambique,MOZ,1991,951.46,24.11
Mozambique,MOZ,1992,684.94,24.7
Mozambique,MOZ,1993,978.24,24.33
Mozambique,MOZ,1994,824.3,23.99
Mozambique,MOZ,1995,839.88,24.53
Mozambique,MOZ,1996,1040.78,24.1
Mozambique,MOZ,1997,1145.81,24.12
Mozambique,MOZ,1998,946.48,24.61
Mozambique,MOZ,1999,1122.5,24.09
Mozambique,MOZ,2000,1185.6,23.93
Mozambique,MOZ,2001,1135.02,24.21
Mozambique,MOZ,2002,860.01,24.37
Mozambique,MOZ,2003,935.74,24.43
Mozambique,MOZ,2004,1078.68,24.37
Mozambique,MOZ,2005,828.7,24.98
Mozambique,MOZ,2006,914.21,24.41
Mozambique,MOZ,2007,987.08,24.49
Mozambique,MOZ,2008,966.62,24.33
Mozambique,MOZ,2009,915.49,24.44
Mozambique,MOZ,2010,928.01,24.75
Mozambique,MOZ,2011,992.33,24.26
Mozambique,MOZ,2012,946.78,24.39
Mozambique,MOZ,2013,980.94,24.27
Mozambique,MOZ,2014,962.55,24.38
Mozambique,MOZ,2015,897.6,24.78
Mozambique,MOZ,2016,871.04,24.66
Mozambique,MOZ,2017,1142.44,24.44
Mozambique,MOZ,2018,1026.06,24.58
Mozambique,MOZ,2019,1128.77,24.8
Mozambique,MOZ,2020,869.41,24.62
Mozambique,MOZ,2021,865.49,24.55
Mozambique,MOZ,2022,1128.87,24.43
Mozambique,MOZ,2023,1021.35,24.79
Namibia,NAM,1990,269.62,20.16
Namibia,NAM,1991,312.33,20.0
Namibia,NAM,1992,132.12,20.35
Namibia,NAM,1993,290.27,20.34
Namibia,NAM,1994,232.4,20.13
Namibia,NAM,1995,157.68,20.31
Namibia,NAM,1996,197.74,19.97
Namibia,NAM,1997,325.6,20.2
Namibia,NAM,1998,180.83,20.43
Namibia,NAM,1999,271.28,20.48
Namibia,NAM,2000,315.85,20.15
Namibia,NAM,2001,289.61,20.21
Namibia,NAM,2002,291.6,20.2
Namibia,NAM,2003,283.77,20.41
Namibia,NAM,2004,287.62,20.56
Namibia,NAM,2005,265.77,20.6
Namibia,NAM,2006,414.6,20.29
Namibia,NAM,2007,276.79,20.33
Namibia,NAM,2008,282.82,20.46
Namibia,NAM,2009,342.33,20.74
Namibia,NAM,2010,277.28,20.63
Namibia,NAM,2011,348.64,20.24
Namibia,NAM,2012,309.79,20.31
Namibia,NAM,2013,250.46,20.62
Namibia,NAM,2014,327.97,20.74
Namibia,NAM,2015,234.66,21.02
Namibia,NAM,2016,249.08,20.9
Namibia,NAM,2017,291.75,20.43
Namibia,NAM,2018,287.97,20.28
Namibia,NAM,2019,282.74,20.64
Namibia,NAM,2020,289.73,20.27
Namibia,NAM,2021,278.59,20.1
Namibia,NAM,2022,280.55,20.2
Namibia,NAM,2023,241.03,20.52
Nepal,NPL,1990,1403.79,13.56
Nepal,NPL,1991,1176.21,13.66
Nepal,NPL,1992,1052.19,13.43
Nepal,NPL,1993,1122.63,13.71
Nepal,NPL,1994,1170.18,13.8
Nepal,NPL,1995,1200.3,13.92
Nepal,NPL,1996,1245.28,13.93
Nepal,NPL,1997,1435.89,12.93
Nepal,NPL,1998,1440.5,14.0
Nepal,NPL,1999,1502.63,14.28
Nepal,NPL,2000,1409.04,14.01
Nepal,NPL,2001,1377.8,14.15
Nepal,NPL,2002,1363.05,14.35
Nepal,NPL,2003,1377.83,14.13
Nepal,NPL,2004,1353.48,14.34
Nepal,NPL,2005,1109.93,14.15
Nepal,NPL,2006,1218.26,14.47
Nepal,NPL,2007,1258.12,14.4
Nepal,NPL,2008,1403.3,14.07
Nepal,NPL,2009,1116.39,14.85
Nepal,NPL,2010,1324.23,14.87
Nepal,NPL,2011,1632.55,14.12
Nepal,NPL,2012,1318.09,14.12
Nepal,NPL,2013,1348.51,13.94
Nepal,NPL,2014,793.11,14.04
Nepal,NPL,2015,1296.63,14.11
Nepal,NPL,2016,1327.0,14.7
Nepal,NPL,2017,1285.55,14.49
Nepal,NPL,2018,1294.93,14.28
Nepal,NPL,2019,1220.13,14.04
Nepal,NPL,2020,1320.08,13.79
Nepal,NPL,2021,1362.23,14.14
Nepal,NPL,2022,1239.27,14.24
Nepal,NPL,2023,1299.16,14.07
Netherlands,NLD,1990,741.61,10.79
Netherlands,NLD,1991,650.39,9.59
Netherlands,NLD,1992,809.14,10.47
Netherlands,NLD,1993,880.73,9.59
Netherlands,NLD,1994,885.32,10.66
Netherlands,NLD,1995,792.9,10.28
Netherlands,NLD,1996,583.45,8.41
Netherlands,NLD,1997,669.18,10.1
Netherlands,NLD,1998,1023.45,10.2
Netherlands,NLD,1999,904.18,10.86
Netherlands,NLD,2000,877.88,10.86
Netherlands,NLD,2001,928.4,10.24
Netherlands,NLD,2002,912.4,10.69
Netherlands,NLD,2003,632.01,10.53
Netherlands,NLD,2004,847.33,10.26
Netherlands,NLD,2005,809.23,10.48
Netherlands,NLD,2006,750.37,10.81
Netherlands,NLD,2007,894.6,11.06
Netherlands,NLD,2008,834.12,10.61
Netherlands,NLD,2009,751.29,10.45
Netherlands,NLD,2010,795.47,9.03
Netherlands,NLD,2011,764.83,10.88
Netherlands,NLD,2012,842.56,10.22
Netherlands,NLD,2013,732.73,9.8
Netherlands,NLD,2014,751.09,11.59
Netherlands,NLD,2015,811.99,10.92
Netherlands,NLD,2016,776.9,10.67
Netherlands,NLD,2017,859.94,10.85
Netherlands,NLD,2018,640.39,11.43
Netherlands,NLD,2019,801.96,11.29
Netherlands,NLD,2020,776.54,11.65
Netherlands,NLD,2021,856.6,10.39
Netherlands,NLD,2022,694.11,11.68
Netherlands,NLD,2023,1023.0,11.68
New Zealand,NZL,1990,1576.88,10.74
New Zealand,NZL,1991,1631.16,9.94
New Zealand,NZL,1992,1602.92,9.33
New Zealand,NZL,1993,1460.91,9.63
New Zealand,NZL,1994,1655.76,9.99
New Zealand,NZL,1995,1875.2,10.34
New Zealand,NZL,1996,1653.99,10.26
New Zealand,NZL,1997,1476.71,10.04
New Zealand,NZL,1998,1720.76,11.13
New Zealand,NZL,1999,1588.74,11.04
New Zealand,NZL,2000,1543.96,10.53
New Zealand,NZL,2001,1601.67,10.61
New Zealand,NZL,2002,1640.76,10.4
New Zealand,NZL,2003,1467.83,10.36
New Zealand,NZL,2004,1692.59,9.84
New Zealand,NZL,2005,1411.1,10.8
New Zealand,NZL,2006,1577.44,10.14
New Zealand,NZL,2007,1412.48,10.48
New Zealand,NZL,2008,1674.5,10.55
New Zealand,NZL,2009,1527.59,10.1
New Zealand,NZL,2010,1603.39,10.79
New Zealand,NZL,2011,1716.48,10.64
New Zealand,NZL,2012,1552.68,10.34
New Zealand,NZL,2013,1586.68,10.91
New Zealand,NZL,2014,1494.06,10.49
New Zealand,NZL,2015,1600.95,10.39
New Zealand,NZL,2016,1515.61,11.09
New Zealand,NZL,2017,1544.58,10.84
New Zealand,NZL,2018,1577.98,11.02
New Zealand,NZL,2019,1748.7,10.87
New Zealand,NZL,2020,1599.91,10.83
New Zealand,NZL,2021,1734.79,11.12
New Zealand,NZL,2022,1746.87,11.56
New Zealand,NZL,2023,1672.6,11.21
Nicaragua,NIC,1990,2257.01,25.6
Nicaragua,NIC,1991,2169.68,25.8
Nicaragua,NIC,1992,2252.24,25.83
Nicaragua,NIC,1993,2294.37,25.79
Nicaragua,NIC,1994,2017.32,25.8
Nicaragua,NIC,1995,2479.19,25.9
Nicaragua,NIC,1996,2561.33,25.41
Nicaragua,NIC,1997,2128.79,25.97
Nicaragua,NIC,1998,2442.75,26.11
Nicaragua,NIC,1999,2438.48,25.29
Nicaragua,NIC,2000,2148.73,25.49
Nicaragua,NIC,2001,2197.01,25.85
Nicaragua,NIC,2002,2233.28,25.98
Nicaragua,NIC,2003,2363.79,26.09
Nicaragua,NIC,2004,2540.73,25.89
Nicaragua,NIC,2005,2404.09,25.85
Nicaragua,NIC,2006,2401.2,25.96
Nicaragua,NIC,2007,2269.19,25.86
Nicaragua,NIC,2008,2653.0,25.69
Nicaragua,NIC,2009,2180.25,26.03
Nicaragua,NIC,2010,2597.22,25.77
Nicaragua,NIC,2011,2360.76,25.74
Nicaragua,NIC,2012,2168.92,25.81
Nicaragua,NIC,2013,2169.36,25.92
Nicaragua,NIC,2014,2183.01,25.99
Nicaragua,NIC,2015,2068.45,26.21
Nicaragua,NIC,2016,2145.16,26.2
Nicaragua,NIC,2017,2453.24,26.06
Nicaragua,NIC,2018,2237.17,25.7
Nicaragua,NIC,2019,2054.72,26.06
Nicaragua,NIC,2020,2472.0,26.22
Nicaragua,NIC,2021,2208.26,26.04
Nicaragua,NIC,2022,2426.91,25.83
Nicaragua,NIC,2023,2232.46,26.51
Niger,NER,1990,130.14,27.89
Niger,NER,1991,181.64,27.74
Niger,NER,1992,177.42,27.04
Niger,NER,1993,150.25,27.64
Niger,NER,1994,225.27,27.37
Niger,NER,1995,154.6,27.83
Niger,NER,1996,142.92,27.9
Niger,NER,1997,147.82,28.07
Niger,NER,1998,189.7,28.2
Niger,NER,1999,211.1,28.03
Niger,NER,2000,161.07,27.5
Niger,NER,2001,166.78,27.74
Niger,NER,2002,151.65,27.97
Niger,NER,2003,201.06,28.01
Niger,NER,2004,165.76,28.15
Niger,NER,2005,201.91,28.22
Niger,NER,2006,174.16,28.16
Niger,NER,2007,182.12,28.17
Niger,NER,2008,182.68,27.7
Niger,NER,2009,163.95,28.75
Niger,NER,2010,186.76,28.87
Niger,NER,2011,159.9,28.35
Niger,NER,2012,207.3,28.17
Niger,NER,2013,179.65,28.3
Niger,NER,2014,169.22,28.41
Niger,NER,2015,178.2,27.91
Niger,NER,2016,194.71,28.51
Niger,NER,2017,177.31,27.98
Niger,NER,2018,202.35,28.11
Niger,NER,2019,190.79,27.86
Niger,NER,2020,238.19,27.83
Niger,NER,2021,159.19,28.08
Niger,NER,2022,198.77,27.61
Niger,NER,2023,188.27,28.34
Norway,NOR,1990,1225.05,2.95
Norway,NOR,1991,1050.0,2.04
Norway,NOR,1992,1231.4,2.45
Norway,NOR,1993,1034.08,1.42
Norway,NOR,1994,1033.27,1.56
Norway,NOR,1995,1119.46,1.6
Norway,NOR,1996,934.81,0.98
Norway,NOR,1997,1046.04,2.22
Norway,NOR,1998,1170.04,1.4
Norway,NOR,1999,1236.23,2.11
Norway,NOR,2000,1278.51,2.94
Norway,NOR,2001,1129.04,1.59
Norway,NOR,2002,1013.79,2.2
Norway,NOR,2003,1052.07,2.32
Norway,NOR,2004,1106.86,2.36
Norway,NOR,2005,1134.84,2.58
Norway,NOR,2006,1161.4,2.87
Norway,NOR,2007,1184.97,2.65
Norway,NOR,2008,1154.03,2.77
Norway,NOR,2009,1085.22,2.24
Norway,NOR,2010,969.1,0.37
Norway,NOR,2011,1208.29,3.02
Norway,NOR,2012,1168.41,1.62
Norway,NOR,2013,1052.82,2.38
Norway,NOR,2014,1059.29,3.34
Norway,NOR,2015,1248.95,2.93
Norway,NOR,2016,1055.18,2.6
Norway,NOR,2017,1258.9,2.26
Norway,NOR,2018,1008.71,2.61
Norway,NOR,2019,1172.68,2.34
Norway,NOR,2020,1281.89,3.45
Norway,NOR,2021,1036.19,2.1
Norway,NOR,2022,1089.82,2.91
Norway,NOR,2023,1229.86,2.28
Pakistan,PAK,1990,336.83,21.15
Pakistan,PAK,1991,242.95,20.79
Pakistan,PAK,1992,333.61,20.58
Pakistan,PAK,1993,223.69,21.27
Pakistan,PAK,1994,368.12,21.02
Pakistan,PAK,1995,326.85,20.86
Pakistan,PAK,1996,309.77,20.72
Pakistan,PAK,1997,336.49,20.3
Pakistan,PAK,1998,265.01,21.36
Pakistan,PAK,1999,216.08,21.69
Pakistan,PAK,2000,199.16,21.53
Pakistan,PAK,2001,227.71,21.7
Pakistan,PAK,2002,199.17,21.77
Pakistan,PAK,2003,347.47,21.23
Pakistan,PAK,2004,233.05,21.9
Pakistan,PAK,2005,299.13,21.03
Pakistan,PAK,2006,340.09,21.67
Pakistan,PAK,2007,296.69,21.63
Pakistan,PAK,2008,311.94,21.49
Pakistan,PAK,2009,260.92,22.03
Pakistan,PAK,2010,380.56,22.09
Pakistan,PAK,2011,296.25,21.7
Pakistan,PAK,2012,244.76,21.15
Pakistan,PAK,2013,324.06,21.7
Pakistan,PAK,2014,236.91,21.31
Pakistan,PAK,2015,373.24,21.6
Pakistan,PAK,2016,276.26,22.21
Pakistan,PAK,2017,263.98,21.95
Pakistan,PAK,2018,181.29,22.24
Pakistan,PAK,2019,350.8,21.43
Pakistan,PAK,2020,387.59,21.28
Pakistan,PAK,2021,224.85,22.0
Pakistan,PAK,2022,441.72,22.23
Pakistan,PAK,2023,348.1,21.91
Papua New Guinea,PNG,1990,3141.1,25.04
Papua New Guinea,PNG,1991,2914.79,24.75
Papua New Guinea,PNG,1992,2763.93,25.02
Papua New Guinea,PNG,1993,2591.97,24.86
Papua New Guinea,PNG,1994,2612.3,24.79
Papua New Guinea,PNG,1995,3071.77,24.69
Papua New Guinea,PNG,1996,3273.51,24.67
Papua New Guinea,PNG,1997,3091.72,24.62
Papua New Guinea,PNG,1998,3142.6,24.79
Papua New Guinea,PNG,1999,3172.35,24.66
Papua New Guinea,PNG,2000,3090.25,24.66
Papua New Guinea,PNG,2001,3113.24,24.69
Papua New Guinea,PNG,2002,3125.46,24.72
Papua New Guinea,PNG,2003,3083.49,24.84
Papua New Guinea,PNG,2004,3103.81,24.78
Papua New Guinea,PNG,2005,3108.21,24.71
Papua New Guinea,PNG,2006,3091.18,24.68
Papua New Guinea,PNG,2007,3136.86,24.66
Papua New Guinea,PNG,2008,3140.58,24.64
Papua New Guinea,PNG,2009,3163.53,24.71
Papua New Guinea,PNG,2010,3258.6,24.78
Papua New Guinea,PNG,2011,3142.36,24.68
Papua New Guinea,PNG,2012,3170.62,24.72
Papua New Guinea,PNG,2013,3132.46,24.73
Papua New Guinea,PNG,2014,3158.3,24.73
Papua New Guinea,PNG,2015,3066.29,24.75
Papua New Guinea,PNG,2016,3111.47,24.79
Papua New Guinea,PNG,2017,3095.29,24.76
Papua New Guinea,PNG,2018,3073.18,24.75
Papua New Guinea,PNG,2019,3144.55,24.75
Papua New Guinea,PNG,2020,3100.98,24.8
Papua New Guinea,PNG,2021,3181.65,24.79
Papua New Guinea,PNG,2022,3135.69,24.78
Papua New Guinea,PNG,2023,3156.36,24.77
Peru,PER,1990,1565.43,19.4
Peru,PER,1991,1357.09,19.52
Peru,PER,1992,1420.0,19.85
Peru,PER,1993,1666.23,19.65
Peru,PER,1994,1634.26,19.66
Peru,PER,1995,1430.33,19.69
Peru,PER,1996,1552.42,19.08
Peru,PER,1997,1611.95,20.11
Peru,PER,1998,1524.68,20.36
Peru,PER,1999,1751.23,19.24
Peru,PER,2000,1664.94,19.39
Peru,PER,2001,1735.58,19.33
Peru,PER,2002,1690.6,19.66
Peru,PER,2003,1753.69,19.62
Peru,PER,2004,1765.0,19.72
Peru,PER,2005,1583.2,19.58
Peru,PER,2006,1772.09,19.68
Peru,PER,2007,1696.77,19.2
Peru,PER,2008,1684.39,19.36
Peru,PER,2009,1681.78,19.72
Peru,PER,2010,1407.26,19.67
Peru,PER,2011,1631.93,19.46
Peru,PER,2012,1475.36,19.61
Peru,PER,2013,1606.4,19.29
Peru,PER,2014,1583.5,19.68
Peru,PER,2015,1597.75,20.2
Peru,PER,2016,1574.35,20.13
Peru,PER,2017,1625.94,19.94
Peru,PER,2018,1601.73,19.57
Peru,PER,2019,1645.97,19.88
Peru,PER,2020,1594.78,19.93
Peru,PER,2021,1522.39,19.77
Peru,PER,2022,1298.81,19.57
Peru,PER,2023,1527.61,20.95
Poland,POL,1990,575.42,9.13
Poland,POL,1991,526.75,8.16
Poland,POL,1992,543.06,8.79
Poland,POL,1993,587.62,7.87
Poland,POL,1994,611.63,8.91
Poland,POL,1995,583.44,8.22
Poland,POL,1996,557.58,6.61
Poland,POL,1997,629.34,7.87
Poland,POL,1998,682.46,8.29
Poland,POL,1999,605.72,8.95
Poland,POL,2000,609.01,9.5
Poland,POL,2001,694.48,8.35
Poland,POL,2002,625.69,9.08
Poland,POL,2003,487.69,8.44
Poland,POL,2004,608.82,8.34
Poland,POL,2005,584.02,8.3
Poland,POL,2006,548.84,8.66
Poland,POL,2007,676.79,9.38
Poland,POL,2008,600.47,9.41
Poland,POL,2009,674.52,8.72
Poland,POL,2010,787.25,7.68
Poland,POL,2011,562.05,9.0
Poland,POL,2012,612.77,8.63
Poland,POL,2013,649.02,8.65
Poland,POL,2014,623.94,9.8
Poland,POL,2015,524.8,9.82
Poland,POL,2016,660.22,9.29
Poland,POL,2017,732.73,9.16
Poland,POL,2018,509.63,10.0
Poland,POL,2019,546.9,10.18
Poland,POL,2020,619.6,10.06
Poland,POL,2021,643.04,8.77
Poland,POL,2022,539.44,9.74
Poland,POL,2023,685.78,10.24
Portugal,PRT,1990,701.26,15.92
Portugal,PRT,1991,663.93,15.38
Portugal,PRT,1992,618.25,15.39
Portugal,PRT,1993,868.43,14.8
Portugal,PRT,1994,746.02,15.81
Portugal,PRT,1995,871.04,16.28
Portugal,PRT,1996,1228.7,15.44
Portugal,PRT,1997,1135.94,16.29
Portugal,PRT,1998,652.76,15.87
Portugal,PRT,1999,823.87,15.61
Portugal,PRT,2000,984.17,15.69
Portugal,PRT,2001,930.35,15.79
Portugal,PRT,2002,968.92,15.62
Portugal,PRT,2003,999.6,16.12
Portugal,PRT,2004,732.86,15.75
Portugal,PRT,2005,593.81,15.73
Portugal,PRT,2006,1019.68,16.22
Portugal,PRT,2007,706.9,15.61
Portugal,PRT,2008,849.52,15.64
Portugal,PRT,2009,919.77,16.24
Portugal,PRT,2010,1377.81,15.78
Portugal,PRT,2011,830.1,16.29
Portugal,PRT,2012,756.37,15.84
Portugal,PRT,2013,973.08,15.7
Portugal,PRT,2014,998.43,16.31
Portugal,PRT,2015,606.89,16.36
Portugal,PRT,2016,986.8,16.27
Portugal,PRT,2017,580.87,16.64
Portugal,PRT,2018,989.41,15.91
Portugal,PRT,2019,678.09,16.2
Portugal,PRT,2020,817.74,16.56
Portugal,PRT,2021,816.31,16.17
Portugal,PRT,2022,837.42,17.03
Portugal,PRT,2023,732.24,17.05
Qatar,QAT,1990,55.04,27.35
Qatar,QAT,1991,77.1,27.02
Qatar,QAT,1992,62.47,26.26
Qatar,QAT,1993,98.63,27.19
Qatar,QAT,1994,44.48,27.62
Qatar,QAT,1995,70.21,27.14
Qatar,QAT,1996,110.77,27.68
Qatar,QAT,1997,113.65,27.04
Qatar,QAT,1998,67.88,28.19
Qatar,QAT,1999,79.11,28.44
Qatar,QAT,2000,71.46,27.85
Qatar,QAT,2001,15.06,28.07
Qatar,QAT,2002,50.43,27.93
Qatar,QAT,2003,61.92,27.98
Qatar,QAT,2004,70.54,27.97
Qatar,QAT,2005,57.23,27.69
Qatar,QAT,2006,60.19,28.06
Qatar,QAT,2007,40.76,28.04
Qatar,QAT,2008,39.12,27.94
Qatar,QAT,2009,98.13,28.15
Qatar,QAT,2010,35.81,28.96
Qatar,QAT,2011,62.34,28.03
Qatar,QAT,2012,44.33,28.36
Qatar,QAT,2013,40.69,28.02
Qatar,QAT,2014,91.37,28.25
Qatar,QAT,2015,52.34,28.43
Qatar,QAT,2016,35.63,28.74
Qatar,QAT,2017,145.89,28.53
Qatar,QAT,2018,61.53,29.0
Qatar,QAT,2019,145.45,28.46
Qatar,QAT,2020,59.31,28.29
Qatar,QAT,2021,32.56,29.31
Qatar,QAT,2022,57.97,28.95
Qatar,QAT,2023,81.65,29.07
Romania,ROU,1990,471.62,10.13
Romania,ROU,1991,696.95,9.0
Romania,ROU,1992,544.96,9.74
Romania,ROU,1993,604.86,9.03
Romania,ROU,1994,534.55,10.63
Romania,ROU,1995,689.5,9.41
Romania,ROU,1996,666.33,8.86
Romania,ROU,1997,723.68,8.86
Romania,ROU,1998,721.47,9.45
Romania,ROU,1999,723.79,10.09
Romania,ROU,2000,459.51,10.63
Romania,ROU,2001,703.36,9.89
Romania,ROU,2002,609.65,10.49
Romania,ROU,2003,532.69,9.54
Romania,ROU,2004,722.55,9.7
Romania,ROU,2005,771.22,9.41
Romania,ROU,2006,663.33,9.7
Romania,ROU,2007,690.93,11.04
Romania,ROU,2008,628.56,10.71
Romania,ROU,2009,641.7,10.72
Romania,ROU,2010,837.03,10.08
Romania,ROU,2011,489.36,9.94
Romania,ROU,2012,611.51,10.52
Romania,ROU,2013,658.29,10.65
Romania,ROU,2014,768.33,11.05
Romania,ROU,2015,602.65,11.11
Romania,ROU,2016,724.69,10.62
Romania,ROU,2017,640.78,10.65
Romania,ROU,2018,640.1,11.26
Romania,ROU,2019,560.85,11.66
Romania,ROU,2020,631.52,11.25
Romania,ROU,2021,684.08,10.28
Romania,ROU,2022,508.35,11.18
Romania,ROU,2023,626.52,11.89
Rwanda,RWA,1990,1156.97,18.84
Rwanda,RWA,1991,1158.78,18.87
Rwanda,RWA,1992,1088.6,18.85
Rwanda,RWA,1993,1086.73,18.83
Rwanda,RWA,1994,1228.47,18.93
Rwanda,RWA,1995,1197.43,19.18
Rwanda,RWA,1996,1195.92,18.92
Rwanda,RWA,1997,1268.84,19.12
Rwanda,RWA,1998,1231.42,19.05
Rwanda,RWA,1999,1035.8,19.09
Rwanda,RWA,2000,1058.22,19.29
Rwanda,RWA,2001,1373.65,19.35
Rwanda,RWA,2002,1159.88,19.62
Rwanda,RWA,2003,1211.17,19.61
Rwanda,RWA,2004,853.8,19.36
Rwanda,RWA,2005,970.51,19.36
Rwanda,RWA,2006,1308.79,19.24
Rwanda,RWA,2007,1280.93,19.28
Rwanda,RWA,2008,1100.37,19.17
Rwanda,RWA,2009,1206.28,19.63
Rwanda,RWA,2010,1316.59,19.6
Rwanda,RWA,2011,1379.66,19.12
Rwanda,RWA,2012,1085.72,19.01
Rwanda,RWA,2013,1208.98,19.2
Rwanda,RWA,2014,1190.82,19.01
Rwanda,RWA,2015,1237.84,19.07
Rwanda,RWA,2016,1233.03,19.32
Rwanda,RWA,2017,1122.56,19.48
Rwanda,RWA,2018,1127.3,19.07
Rwanda,RWA,2019,1312.29,19.28
Rwanda,RWA,2020,1332.92,19.13
Rwanda,RWA,2021,1225.16,19.21
Rwanda,RWA,2022,1356.57,19.17
Rwanda,RWA,2023,1213.82,19.5
Saudi Arabia,SAU,1990,105.33,25.43
Saudi Arabia,SAU,1991,104.95,25.21
Saudi Arabia,SAU,1992,111.13,24.51
Saudi Arabia,SAU,1993,140.83,25.22
Saudi Arabia,SAU,1994,96.41,25.59
Saudi Arabia,SAU,1995,124.65,25.33
Saudi Arabia,SAU,1996,120.33,25.68
Saudi Arabia,SAU,1997,116.95,25.16
Saudi Arabia,SAU,1998,105.09,26.04
Saudi Arabia,SAU,1999,105.65,26.19
Saudi Arabia,SAU,2000,94.32,25.71
Saudi Arabia,SAU,2001,99.34,26.05
Saudi Arabia,SAU,2002,109.03,25.93
Saudi Arabia,SAU,2003,88.9,25.97
Saudi Arabia,SAU,2004,98.15,25.88
Saudi Arabia,SAU,2005,91.16,25.8
Saudi Arabia,SAU,2006,93.98,25.91
Saudi Arabia,SAU,2007,95.62,25.96
Saudi Arabia,SAU,2008,91.99,25.94
Saudi Arabia,SAU,2009,84.17,26.15
Saudi Arabia,SAU,2010,90.47,26.91
Saudi Arabia,SAU,2011,96.11,25.86
Saudi Arabia,SAU,2012,99.6,26.16
Saudi Arabia,SAU,2013,100.05,25.88
Saudi Arabia,SAU,2014,97.55,26.12
Saudi Arabia,SAU,2015,91.7,26.22
Saudi Arabia,SAU,2016,95.28,26.25
Saudi Arabia,SAU,2017,98.96,26.22
Saudi Arabia,SAU,2018,105.64,26.47
Saudi Arabia,SAU,2019,111.61,26.21
Saudi Arabia,SAU,2020,101.6,26.11
Saudi Arabia,SAU,2021,86.72,26.67
Saudi Arabia,SAU,2022,98.94,26.32
Saudi Arabia,SAU,2023,106.99,26.52
Senegal,SEN,1990,562.23,28.74
Senegal,SEN,1991,596.93,28.57
Senegal,SEN,1992,590.34,28.43
Senegal,SEN,1993,623.7,28.64
Senegal,SEN,1994,761.65,28.14
Senegal,SEN,1995,727.85,28.52
Senegal,SEN,1996,611.18,28.89
Senegal,SEN,1997,637.61,28.91
Senegal,SEN,1998,682.1,29.4
Senegal,SEN,1999,887.31,28.31
Senegal,SEN,2000,707.93,28.54
Senegal,SEN,2001,642.21,28.98
Senegal,SEN,2002,497.21,29.02
Senegal,SEN,2003,825.21,28.9
Senegal,SEN,2004,638.16,29.06
Senegal,SEN,2005,898.42,29.14
Senegal,SEN,2006,709.11,28.92
Senegal,SEN,2007,672.92,28.98
Senegal,SEN,2008,838.95,28.93
Senegal,SEN,2009,808.85,28.72
Senegal,SEN,2010,918.41,29.44
Senegal,SEN,2011,645.22,28.9
Senegal,SEN,2012,894.59,28.79
Senegal,SEN,2013,759.86,29.04
Senegal,SEN,2014,659.06,28.91
Senegal,SEN,2015,739.77,29.15
Senegal,SEN,2016,735.53,29.28
Senegal,SEN,2017,736.64,29.31
Senegal,SEN,2018,688.65,28.86
Senegal,SEN,2019,716.03,28.78
Senegal,SEN,2020,785.12,29.51
Senegal,SEN,2021,733.93,29.63
Senegal,SEN,2022,940.55,28.97
Senegal,SEN,2023,798.8,29.69
Slovenia,SVN,1990,1385.47,9.61
Slovenia,SVN,1991,1378.6,8.6
Slovenia,SVN,1992,1396.26,9.86
Slovenia,SVN,1993,1310.82,9.15
Slovenia,SVN,1994,1344.67,10.43
Slovenia,SVN,1995,1485.91,9.2
Slovenia,SVN,1996,1566.92,8.29
Slovenia,SVN,1997,1243.32,9.13
Slovenia,SVN,1998,1424.25,9.49
Slovenia,SVN,1999,1442.44,9.53
Slovenia,SVN,2000,1389.23,10.49
Slovenia,SVN,2001,1181.88,9.45
Slovenia,SVN,2002,1462.22,10.16
Slovenia,SVN,2003,1068.4,9.7
Slovenia,SVN,2004,1477.72,9.11
Slovenia,SVN,2005,1407.27,8.76
Slovenia,SVN,2006,1192.32,9.56
Slovenia,SVN,2007,1304.14,10.36
Slovenia,SVN,2008,1412.09,10.22
Slovenia,SVN,2009,1509.17,10.08
Slovenia,SVN,2010,1607.91,9.09
Slovenia,SVN,2011,1027.15,10.15
Slovenia,SVN,2012,1332.88,10.25
Slovenia,SVN,2013,1587.14,9.94
Slovenia,SVN,2014,1889.27,10.76
Slovenia,SVN,2015,1452.71,10.66
Slovenia,SVN,2016,1659.02,10.14
Slovenia,SVN,2017,1414.64,10.2
Slovenia,SVN,2018,1408.32,11.03
Slovenia,SVN,2019,1641.25,10.99
Slovenia,SVN,2020,1570.21,10.61
Slovenia,SVN,2021,1263.6,9.92
Slovenia,SVN,2022,1076.59,11.1
Slovenia,SVN,2023,1620.96,11.31
South Africa,ZAF,1990,395.26,17.8
South Africa,ZAF,1991,510.74,17.76
South Africa,ZAF,1992,318.09,18.37
South Africa,ZAF,1993,463.12,18.28
South Africa,ZAF,1994,393.83,17.59
South Africa,ZAF,1995,511.06,17.9
South Africa,ZAF,1996,576.15,17.36
South Africa,ZAF,1997,504.92,17.69
South Africa,ZAF,1998,498.99,18.21
South Africa,ZAF,1999,447.73,18.51
South Africa,ZAF,2000,632.5,17.45
South Africa,ZAF,2001,546.03,17.8
South Africa,ZAF,2002,423.56,17.85
South Africa,ZAF,2003,383.49,18.21
South Africa,ZAF,2004,480.44,18.49
South Africa,ZAF,2005,404.75,18.46
South Africa,ZAF,2006,568.47,17.92
South Africa,ZAF,2007,429.63,18.24
South Africa,ZAF,2008,447.03,18.37
South Africa,ZAF,2009,483.51,18.28
South Africa,ZAF,2010,484.46,18.61
South Africa,ZAF,2011,544.88,17.88
South Africa,ZAF,2012,470.01,18.14
South Africa,ZAF,2013,427.86,18.24
South Africa,ZAF,2014,459.26,18.43
South Africa,ZAF,2015,380.52,18.88
South Africa,ZAF,2016,433.11,18.99
South Africa,ZAF,2017,438.7,18.5
South Africa,ZAF,2018,395.47,18.62
South Africa,ZAF,2019,396.36,19.23
South Africa,ZAF,2020,468.7,18.45
South Africa,ZAF,2021,530.58,18.06
South Africa,ZAF,2022,517.29,18.41
South Africa,ZAF,2023,499.12,18.58
Spain,ESP,1990,511.64,14.06
Spain,ESP,1991,550.91,13.44
Spain,ESP,1992,573.19,13.46
Spain,ESP,1993,593.79,13.03
Spain,ESP,1994,532.58,14.0
Spain,ESP,1995,558.34,14.31
Spain,ESP,1996,862.98,13.55
Spain,ESP,1997,826.78,14.42
Spain,ESP,1998,501.49,13.93
Spain,ESP,1999,605.2,13.79
Spain,ESP,2000,672.66,13.87
Spain,ESP,2001,621.54,13.96
Spain,ESP,2002,709.63,13.95
Spain,ESP,2003,735.59,14.27
Spain,ESP,2004,592.71,13.86
Spain,ESP,2005,450.9,13.75
Spain,ESP,2006,641.31,14.35
Spain,ESP,2007,557.37,13.79
Spain,ESP,2008,680.73,13.77
Spain,ESP,2009,613.67,14.28
Spain,ESP,2010,852.35,13.73
Spain,ESP,2011,553.24,14.48
Spain,ESP,2012,532.21,13.92
Spain,ESP,2013,698.13,13.75
Spain,ESP,2014,669.6,14.53
Spain,ESP,2015,470.55,14.52
Spain,ESP,2016,651.56,14.41
Spain,ESP,2017,444.35,14.69
Spain,ESP,2018,790.59,14.16
Spain,ESP,2019,546.47,14.41
Spain,ESP,2020,647.64,14.78
Spain,ESP,2021,608.1,14.41
Spain,ESP,2022,557.76,15.16
Spain,ESP,2023,529.89,15.15
Sri Lanka,LKA,1990,1948.27,27.07
Sri Lanka,LKA,1991,1602.74,27.08
Sri Lanka,LKA,1992,1432.82,26.83
Sri Lanka,LKA,1993,1920.75,26.87
Sri Lanka,LKA,1994,1792.96,26.95
Sri Lanka,LKA,1995,1608.22,27.1
Sri Lanka,LKA,1996,1726.34,26.97
Sri Lanka,LKA,1997,2001.72,27.2
Sri Lanka,LKA,1998,1616.48,27.61
Sri Lanka,LKA,1999,1742.99,26.91
Sri Lanka,LKA,2000,1775.76,27.07
Sri Lanka,LKA,2001,1469.51,27.22
Sri Lanka,LKA,2002,1732.03,27.32
Sri Lanka,LKA,2003,1661.6,27.3
Sri Lanka,LKA,2004,1969.77,27.04
Sri Lanka,LKA,2005,1627.33,27.2
Sri Lanka,LKA,2006,2167.94,27.16
Sri Lanka,LKA,2007,1602.41,27.1
Sri Lanka,LKA,2008,1958.33,27.03
Sri Lanka,LKA,2009,1518.29,27.41
Sri Lanka,LKA,2010,1836.34,27.43
Sri Lanka,LKA,2011,1635.18,27.26
Sri Lanka,LKA,2012,1719.64,27.45
Sri Lanka,LKA,2013,1531.72,27.19
Sri Lanka,LKA,2014,1806.98,27.35
Sri Lanka,LKA,2015,2285.83,27.32
Sri Lanka,LKA,2016,1423.21,27.7
Sri Lanka,LKA,2017,1726.51,27.42
Sri Lanka,LKA,2018,1804.04,27.32
Sri Lanka,LKA,2019,2005.09,27.65
Sri Lanka,LKA,2020,1600.52,27.61
Sri Lanka,LKA,2021,2041.89,27.38
Sri Lanka,LKA,2022,1803.43,27.19
Sri Lanka,LKA,2023,2268.32,27.41
Sudan,SDN,1990,157.02,27.72
Sudan,SDN,1991,232.5,27.43
Sudan,SDN,1992,233.17,26.69
Sudan,SDN,1993,240.02,27.67
Sudan,SDN,1994,286.53,27.18
Sudan,SDN,1995,246.64,27.2
Sudan,SDN,1996,216.02,27.7
Sudan,SDN,1997,233.58,27.78
Sudan,SDN,1998,284.95,27.9
Sudan,SDN,1999,299.66,27.9
Sudan,SDN,2000,239.84,27.66
Sudan,SDN,2001,231.73,27.79
Sudan,SDN,2002,223.6,27.98
Sudan,SDN,2003,267.05,28.0
Sudan,SDN,2004,199.84,28.14
Sudan,SDN,2005,252.99,28.38
Sudan,SDN,2006,260.4,28.02
Sudan,SDN,2007,301.89,27.89
Sudan,SDN,2008,232.98,28.2
Sudan,SDN,2009,198.6,28.63
Sudan,SDN,2010,261.01,29.2
Sudan,SDN,2011,215.92,27.92
Sudan,SDN,2012,266.47,28.18
Sudan,SDN,2013,263.8,28.31
Sudan,SDN,2014,289.77,28.16
Sudan,SDN,2015,226.78,28.43
Sudan,SDN,2016,253.33,28.63
Sudan,SDN,2017,239.25,28.27
Sudan,SDN,2018,304.08,28.26
Sudan,SDN,2019,299.28,28.08
Sudan,SDN,2020,282.25,27.47
Sudan,SDN,2021,263.3,28.21
Sudan,SDN,2022,303.69,27.58
Sudan,SDN,2023,238.19,27.8
Suriname,SUR,1990,2845.99,26.43
Suriname,SUR,1991,2196.97,26.22
Suriname,SUR,1992,2011.96,25.99
Suriname,SUR,1993,2412.01,26.04
Suriname,SUR,1994,2416.73,26.18
Suriname,SUR,1995,2017.5,26.71
Suriname,SUR,1996,2682.98,26.41
Suriname,SUR,1997,2118.32,26.81
Suriname,SUR,1998,2037.92,27.08
Suriname,SUR,1999,2303.03,26.45
Suriname,SUR,2000,2623.7,26.51
Suriname,SUR,2001,1980.83,26.57
Suriname,SUR,2002,2254.64,26.43
Suriname,SUR,2003,1952.2,26.91
Suriname,SUR,2004,2238.47,26.58
Suriname,SUR,2005,2561.52,26.77
Suriname,SUR,2006,2319.36,26.65
Suriname,SUR,2007,2600.01,26.58
Suriname,SUR,2008,2473.73,26.44
Suriname,SUR,2009,2067.86,26.61
Suriname,SUR,2010,2285.99,26.92
Suriname,SUR,2011,2370.53,26.51
Suriname,SUR,2012,2276.13,26.38
Suriname,SUR,2013,2596.18,26.42
Suriname,SUR,2014,2121.76,26.54
Suriname,SUR,2015,2402.16,26.93
Suriname,SUR,2016,2217.73,26.89
Suriname,SUR,2017,2329.95,26.76
Suriname,SUR,2018,2362.33,26.55
Suriname,SUR,2019,1962.28,26.82
Suriname,SUR,2020,2104.71,26.93
Suriname,SUR,2021,2879.59,26.64
Suriname,SUR,2022,2756.81,26.57
Suriname,SUR,2023,2305.75,27.13
Sweden,SWE,1990,671.71,3.91
Sweden,SWE,1991,601.35,2.99
Sweden,SWE,1992,667.77,3.44
Sweden,SWE,1993,670.76,2.45
Sweden,SWE,1994,579.81,2.57
Sweden,SWE,1995,622.57,2.64
Sweden,SWE,1996,563.23,1.91
Sweden,SWE,1997,584.71,3.18
Sweden,SWE,1998,775.76,2.36
Sweden,SWE,1999,692.59,3.12
Sweden,SWE,2000,822.06,3.95
Sweden,SWE,2001,708.41,2.68
Sweden,SWE,2002,600.38,3.22
Sweden,SWE,2003,577.07,3.16
Sweden,SWE,2004,658.63,3.19
Sweden,SWE,2005,624.93,3.52
Sweden,SWE,2006,656.8,3.81
Sweden,SWE,2007,683.94,3.68
Sweden,SWE,2008,699.22,3.84
Sweden,SWE,2009,657.05,3.17
Sweden,SWE,2010,639.31,1.33
Sweden,SWE,2011,686.29,4.0
Sweden,SWE,2012,728.53,2.59
Sweden,SWE,2013,582.94,3.39
Sweden,SWE,2014,631.4,4.27
Sweden,SWE,2015,691.56,3.96
Sweden,SWE,2016,624.54,3.49
Sweden,SWE,2017,680.17,3.21
Sweden,SWE,2018,541.83,3.74
Sweden,SWE,2019,680.95,3.5
Sweden,SWE,2020,665.41,4.6
Sweden,SWE,2021,610.25,3.1
Sweden,SWE,2022,599.29,3.9
Sweden,SWE,2023,705.62,3.38
Switzerland,CHE,1990,1282.09,6.49
Switzerland,CHE,1991,1056.91,5.6
Switzerland,CHE,1992,1281.04,6.38
Switzerland,CHE,1993,1267.69,5.85
Switzerland,CHE,1994,1279.82,7.1
Switzerland,CHE,1995,1382.17,6.02
Switzerland,CHE,1996,1218.82,5.05
Switzerland,CHE,1997,1145.36,6.37
Switzerland,CHE,1998,1181.69,6.18
Switzerland,CHE,1999,1528.23,6.33
Switzerland,CHE,2000,1276.22,6.93
Switzerland,CHE,2001,1398.95,6.2
Switzerland,CHE,2002,1482.33,6.82
Switzerland,CHE,2003,931.95,6.65
Switzerland,CHE,2004,1160.19,6.1
Switzerland,CHE,2005,1075.78,5.92
Switzerland,CHE,2006,1282.84,6.62
Switzerland,CHE,2007,1342.02,6.67
Switzerland,CHE,2008,1285.24,6.34
Switzerland,CHE,2009,1168.6,6.52
Switzerland,CHE,2010,1194.01,5.43
Switzerland,CHE,2011,1058.07,7.14
Switzerland,CHE,2012,1332.41,6.52
Switzerland,CHE,2013,1310.63,5.99
Switzerland,CHE,2014,1226.22,7.41
Switzerland,CHE,2015,1009.7,7.3
Switzerland,CHE,2016,1283.52,6.67
Switzerland,CHE,2017,1190.97,6.79
Switzerland,CHE,2018,1040.06,7.64
Switzerland,CHE,2019,1204.63,7.29
Switzerland,CHE,2020,1092.23,7.64
Switzerland,CHE,2021,1271.75,6.32
Switzerland,CHE,2022,1029.59,8.03
Switzerland,CHE,2023,1280.01,7.97
Tajikistan,TJK,1990,647.36,3.83
Tajikistan,TJK,1991,809.29,3.37
Tajikistan,TJK,1992,715.72,3.21
Tajikistan,TJK,1993,916.94,2.6
Tajikistan,TJK,1994,660.64,3.26
Tajikistan,TJK,1995,475.57,3.99
Tajikistan,TJK,1996,593.58,2.97
Tajikistan,TJK,1997,656.59,4.02
Tajikistan,TJK,1998,926.41,3.75
Tajikistan,TJK,1999,780.4,4.32
Tajikistan,TJK,2000,582.35,4.21
Tajikistan,TJK,2001,571.58,4.45
Tajikistan,TJK,2002,779.2,4.29
Tajikistan,TJK,2003,866.74,3.72
Tajikistan,TJK,2004,757.95,4.71
Tajikistan,TJK,2005,670.86,4.27
Tajikistan,TJK,2006,659.73,4.35
Tajikistan,TJK,2007,614.43,4.36
Tajikistan,TJK,2008,567.61,3.9
Tajikistan,TJK,2009,761.38,4.2
Tajikistan,TJK,2010,721.3,4.73
Tajikistan,TJK,2011,674.71,3.93
Tajikistan,TJK,2012,659.58,3.56
Tajikistan,TJK,2013,638.8,4.68
Tajikistan,TJK,2014,652.45,3.62
Tajikistan,TJK,2015,783.14,4.61
Tajikistan,TJK,2016,784.22,4.98
Tajikistan,TJK,2017,626.19,4.29
Tajikistan,TJK,2018,566.56,4.5
Tajikistan,TJK,2019,695.13,4.8
Tajikistan,TJK,2020,674.93,3.94
Tajikistan,TJK,2021,440.77,4.98
Tajikistan,TJK,2022,751.79,5.32
Tajikistan,TJK,2023,560.87,5.71
Thailand,THA,1990,1521.31,27.11
Thailand,THA,1991,1445.33,27.14
Thailand,THA,1992,1385.68,26.8
Thailand,THA,1993,1338.38,26.77
Thailand,THA,1994,1681.74,26.85
Thailand,THA,1995,1695.62,26.73
Thailand,THA,1996,1791.6,26.34
Thailand,THA,1997,1398.63,26.86
Thailand,THA,1998,1508.98,27.5
Thailand,THA,1999,1793.16,26.27
Thailand,THA,2000,1756.34,26.53
Thailand,THA,2001,1621.85,26.69
Thailand,THA,2002,1671.0,26.83
Thailand,THA,2003,1537.2,26.76
Thailand,THA,2004,1458.84,26.68
Thailand,THA,2005,1587.5,26.85
Thailand,THA,2006,1745.96,26.76
Thailand,THA,2007,1683.99,26.65
Thailand,THA,2008,1732.16,26.31
Thailand,THA,2009,1684.47,26.67
Thailand,THA,2010,1644.82,27.3
Thailand,THA,2011,1962.1,26.26
Thailand,THA,2012,1538.58,27.14
Thailand,THA,2013,1755.43,26.79
Thailand,THA,2014,1473.55,26.89
Thailand,THA,2015,1439.58,27.31
Thailand,THA,2016,1601.94,27.44
Thailand,THA,2017,1949.87,26.9
Thailand,THA,2018,1568.32,26.91
Thailand,THA,2019,1312.58,27.48
Thailand,THA,2020,1538.39,27.41
Thailand,THA,2021,1621.18,26.88
Thailand,THA,2022,2042.66,26.73
Thailand,THA,2023,1506.22,27.51
Tunisia,TUN,1990,359.0,20.23
Tunisia,TUN,1991,276.78,19.35
Tunisia,TUN,1992,319.02,19.5
Tunisia,TUN,1993,212.65,19.83
Tunisia,TUN,1994,256.17,20.83
Tunisia,TUN,1995,312.45,20.19
Tunisia,TUN,1996,323.9,19.85
Tunisia,TUN,1997,328.55,20.62
Tunisia,TUN,1998,256.72,20.1
Tunisia,TUN,1999,288.87,20.81
Tunisia,TUN,2000,204.17,20.51
Tunisia,TUN,2001,229.57,20.82
Tunisia,TUN,2002,249.33,20.56
Tunisia,TUN,2003,402.72,20.84
Tunisia,TUN,2004,301.24,20.26
Tunisia,TUN,2005,274.28,20.04
Tunisia,TUN,2006,303.8,20.72
Tunisia,TUN,2007,303.52,20.6
Tunisia,TUN,2008,203.8,20.6
Tunisia,TUN,2009,336.65,20.56
Tunisia,TUN,2010,268.95,20.69
Tunisia,TUN,2011,320.73,20.45
Tunisia,TUN,2012,226.71,20.87
Tunisia,TUN,2013,292.62,20.54
Tunisia,TUN,2014,244.04,21.06
Tunisia,TUN,2015,294.71,20.82
Tunisia,TUN,2016,244.62,21.07
Tunisia,TUN,2017,264.0,20.74
Tunisia,TUN,2018,289.63,20.76
Tunisia,TUN,2019,326.05,20.74
Tunisia,TUN,2020,260.49,20.9
Tunisia,TUN,2021,166.48,21.27
Tunisia,TUN,2022,146.28,21.44
Tunisia,TUN,2023,222.17,21.21
Turkey,TUR,1990,475.3,11.09
Turkey,TUR,1991,613.98,10.78
Turkey,TUR,1992,567.83,9.73
Turkey,TUR,1993,532.51,10.47
Turkey,TUR,1994,610.79,11.67
Turkey,TUR,1995,590.59,11.21
Turkey,TUR,1996,641.58,11.36
Turkey,TUR,1997,625.16,10.61
Turkey,TUR,1998,655.81,11.85
Turkey,TUR,1999,522.14,12.11
Turkey,TUR,2000,562.32,11.34
Turkey,TUR,2001,611.71,12.27
Turkey,TUR,2002,613.01,11.36
Turkey,TUR,2003,639.4,11.36
Turkey,TUR,2004,553.07,11.39
Turkey,TUR,2005,591.73,11.51
Turkey,TUR,2006,585.59,11.4
Turkey,TUR,2007,551.84,11.84
Turkey,TUR,2008,443.65,11.74
Turkey,TUR,2009,712.04,11.81
Turkey,TUR,2010,641.24,13.11
Turkey,TUR,2011,622.09,11.04
Turkey,TUR,2012,719.44,12.0
Turkey,TUR,2013,520.83,11.84
Turkey,TUR,2014,631.84,12.41
Turkey,TUR,2015,642.92,11.76
Turkey,TUR,2016,641.18,12.11
Turkey,TUR,2017,532.94,11.9
Turkey,TUR,2018,703.05,13.02
Turkey,TUR,2019,607.76,12.48
Turkey,TUR,2020,550.53,12.63
Turkey,TUR,2021,542.41,12.58
Turkey,TUR,2022,529.14,12.26
Turkey,TUR,2023,648.89,12.92
Uganda,UGA,1990,1172.22,23.03
Uganda,UGA,1991,1241.13,22.74
Uganda,UGA,1992,1149.87,22.68
Uganda,UGA,1993,1071.79,22.83
Uganda,UGA,1994,1295.28,22.7
Uganda,UGA,1995,1242.7,23.1
Uganda,UGA,1996,1349.09,22.78
Uganda,UGA,1997,1318.74,22.85
Uganda,UGA,1998,1200.35,22.99
Uganda,UGA,1999,1278.07,22.8
Uganda,UGA,2000,1111.88,23.23
Uganda,UGA,2001,1252.67,23.43
Uganda,UGA,2002,1253.72,23.71
Uganda,UGA,2003,1214.74,23.6
Uganda,UGA,2004,1164.48,23.66
Uganda,UGA,2005,1077.08,23.63
Uganda,UGA,2006,1299.16,23.53
Uganda,UGA,2007,1428.67,23.57
Uganda,UGA,2008,1237.46,23.51
Uganda,UGA,2009,1194.34,24.04
Uganda,UGA,2010,1379.04,23.8
Uganda,UGA,2011,1253.69,23.34
Uganda,UGA,2012,1382.1,22.92
Uganda,UGA,2013,1435.25,23.08
Uganda,UGA,2014,1187.61,23.01
Uganda,UGA,2015,1331.93,23.06
Uganda,UGA,2016,1298.96,23.29
Uganda,UGA,2017,1401.71,23.18
Uganda,UGA,2018,1291.76,22.95
Uganda,UGA,2019,1594.57,23.16
Uganda,UGA,2020,1472.37,23.19
Uganda,UGA,2021,1382.65,23.13
Uganda,UGA,2022,1402.61,23.13
Uganda,UGA,2023,1298.62,23.53
Ukraine,UKR,1990,530.34,9.53
Ukraine,UKR,1991,519.87,8.64
Ukraine,UKR,1992,531.67,8.8
Ukraine,UKR,1993,525.59,7.97
Ukraine,UKR,1994,493.89,9.01
Ukraine,UKR,1995,597.85,8.9
Ukraine,UKR,1996,563.4,7.68
Ukraine,UKR,1997,660.19,7.87
Ukraine,UKR,1998,599.53,8.59
Ukraine,UKR,1999,547.31,9.58
Ukraine,UKR,2000,521.68,9.62
Ukraine,UKR,2001,630.66,8.99
Ukraine,UKR,2002,544.27,9.46
Ukraine,UKR,2003,522.05,8.46
Ukraine,UKR,2004,645.31,8.91
Ukraine,UKR,2005,607.69,8.99
Ukraine,UKR,2006,560.68,8.72
Ukraine,UKR,2007,538.07,10.15
Ukraine,UKR,2008,544.5,9.82
Ukraine,UKR,2009,571.06,9.56
Ukraine,UKR,2010,669.38,9.25
Ukraine,UKR,2011,455.26,9.17
Ukraine,UKR,2012,561.26,9.4
Ukraine,UKR,2013,571.17,9.69
Ukraine,UKR,2014,527.55,9.75
Ukraine,UKR,2015,496.96,10.38
Ukraine,UKR,2016,640.75,9.72
Ukraine,UKR,2017,529.33,9.77
Ukraine,UKR,2018,548.07,9.87
Ukraine,UKR,2019,466.87,10.68
Ukraine,UKR,2020,501.65,10.85
Ukraine,UKR,2021,623.42,9.34
Ukraine,UKR,2022,557.08,10.03
Ukraine,UKR,2023,597.24,10.87
United Kingdom,GBR,1990,1205.61,9.49
United Kingdom,GBR,1991,1034.35,8.73
United Kingdom,GBR,1992,1244.63,8.86
United Kingdom,GBR,1993,1208.29,8.48
United Kingdom,GBR,1994,1252.19,9.03
United Kingdom,GBR,1995,1091.01,9.39
United Kingdom,GBR,1996,970.42,8.39
United Kingdom,GBR,1997,1070.28,9.56
United Kingdom,GBR,1998,1321.08,9.3
United Kingdom,GBR,1999,1281.53,9.5
United Kingdom,GBR,2000,1355.37,9.23
United Kingdom,GBR,2001,1071.66,9.01
United Kingdom,GBR,2002,1364.4,9.56
United Kingdom,GBR,2003,923.55,9.6
United Kingdom,GBR,2004,1173.97,9.46
United Kingdom,GBR,2005,1087.3,9.48
United Kingdom,GBR,2006,1142.56,9.71
United Kingdom,GBR,2007,1173.31,9.71
United Kingdom,GBR,2008,1291.55,9.23
United Kingdom,GBR,2009,1243.82,9.33
United Kingdom,GBR,2010,1029.46,8.21
United Kingdom,GBR,2011,1134.74,9.54
United Kingdom,GBR,2012,1357.55,8.96
United Kingdom,GBR,2013,1120.15,8.92
United Kingdom,GBR,2014,1353.6,9.96
United Kingdom,GBR,2015,1256.04,9.23
United Kingdom,GBR,2016,1152.84,9.39
United Kingdom,GBR,2017,1158.77,9.65
United Kingdom,GBR,2018,1105.13,9.54
United Kingdom,GBR,2019,1260.58,9.62
United Kingdom,GBR,2020,1316.51,9.72
United Kingdom,GBR,2021,1134.99,9.44
United Kingdom,GBR,2022,1121.47,10.13
United Kingdom,GBR,2023,1404.08,10.14
Uruguay,URY,1990,1487.17,17.65
Uruguay,URY,1991,1322.54,18.14
Uruguay,URY,1992,1307.81,17.6
Uruguay,URY,1993,1429.05,17.75
Uruguay,URY,1994,1164.1,18.25
Uruguay,URY,1995,1081.17,17.64
Uruguay,URY,1996,1071.96,17.76
Uruguay,URY,1997,1291.31,18.33
Uruguay,URY,1998,1387.56,17.49
Uruguay,URY,1999,1052.26,17.55
Uruguay,URY,2000,1467.05,17.57
Uruguay,URY,2001,1586.23,18.48
Uruguay,URY,2002,1862.28,18.07
Uruguay,URY,2003,1499.79,17.67
Uruguay,URY,2004,1082.92,17.97
Uruguay,URY,2005,1378.29,18.03
Uruguay,URY,2006,1193.69,18.33
Uruguay,URY,2007,1421.05,17.47
Uruguay,URY,2008,882.7,18.14
Uruguay,URY,2009,1224.58,17.93
Uruguay,URY,2010,1250.56,17.87
Uruguay,URY,2011,1111.55,17.79
Uruguay,URY,2012,1372.2,18.53
Uruguay,URY,2013,1124.65,17.73
Uruguay,URY,2014,1702.26,18.41
Uruguay,URY,2015,1277.97,18.44
Uruguay,URY,2016,1217.54,17.71
Uruguay,URY,2017,1424.27,18.76
Uruguay,URY,2018,1344.71,18.27
Uruguay,URY,2019,1372.36,18.26
Uruguay,URY,2020,897.04,18.27
Uruguay,URY,2021,1063.42,18.11
Uruguay,URY,2022,983.96,17.83
Uruguay,URY,2023,1142.64,18.92
Zambia,ZMB,1990,904.0,22.14
Zambia,ZMB,1991,963.17,21.85
Zambia,ZMB,1992,777.6,22.52
Zambia,ZMB,1993,992.48,21.93
Zambia,ZMB,1994,785.1,22.13
Zambia,ZMB,1995,781.92,22.66
Zambia,ZMB,1996,939.99,22.12
Zambia,ZMB,1997,1065.69,22.22
Zambia,ZMB,1998,934.4,22.49
Zambia,ZMB,1999,876.38,21.76
Zambia,ZMB,2000,1085.09,21.88
Zambia,ZMB,2001,1092.56,22.12
Zambia,ZMB,2002,909.24,22.35
Zambia,ZMB,2003,1021.63,22.47
Zambia,ZMB,2004,1101.56,22.21
Zambia,ZMB,2005,877.9,23.11
Zambia,ZMB,2006,1038.75,22.0
Zambia,ZMB,2007,977.02,22.08
Zambia,ZMB,2008,1027.14,21.94
Zambia,ZMB,2009,1046.07,22.09
Zambia,ZMB,2010,1050.72,22.56
Zambia,ZMB,2011,975.3,21.94
Zambia,ZMB,2012,1098.98,22.03
Zambia,ZMB,2013,1010.42,21.85
Zambia,ZMB,2014,1017.21,21.89
Zambia,ZMB,2015,922.61,22.3
Zambia,ZMB,2016,883.64,22.4
Zambia,ZMB,2017,1169.25,22.18
Zambia,ZMB,2018,1032.97,21.93
Zambia,ZMB,2019,1011.92,22.18
Zambia,ZMB,2020,1034.79,22.0
Zambia,ZMB,2021,1004.09,22.05
Zambia,ZMB,2022,1034.37,21.86
Zambia,ZMB,2023,1023.76,22.04
Zimbabwe,ZWE,1990,671.6,21.57
Zimbabwe,ZWE,1991,539.26,21.59
Zimbabwe,ZWE,1992,488.12,22.34
Zimbabwe,ZWE,1993,683.37,21.75
Zimbabwe,ZWE,1994,480.83,21.29
Zimbabwe,ZWE,1995,471.88,22.1
Zimbabwe,ZWE,1996,727.13,21.48
Zimbabwe,ZWE,1997,829.62,21.58
Zimbabwe,ZWE,1998,686.16,22.14
Zimbabwe,ZWE,1999,717.21,21.47
Zimbabwe,ZWE,2000,923.39,21.27
Zimbabwe,ZWE,2001,886.11,21.62
Zimbabwe,ZWE,2002,449.12,21.85
Zimbabwe,ZWE,2003,610.07,22.02
Zimbabwe,ZWE,2004,782.79,22.02
Zimbabwe,ZWE,2005,610.98,22.78
Zimbabwe,ZWE,2006,767.37,21.86
Zimbabwe,ZWE,2007,705.74,21.96
Zimbabwe,ZWE,2008,608.19,21.93
Zimbabwe,ZWE,2009,681.74,22.05
Zimbabwe,ZWE,2010,723.57,22.25
Zimbabwe,ZWE,2011,783.52,21.71
Zimbabwe,ZWE,2012,592.14,21.85
Zimbabwe,ZWE,2013,660.14,21.55
Zimbabwe,ZWE,2014,625.54,21.74
Zimbabwe,ZWE,2015,458.04,22.32
Zimbabwe,ZWE,2016,562.4,22.24
Zimbabwe,ZWE,2017,937.84,21.8
Zimbabwe,ZWE,2018,635.49,22.08
Zimbabwe,ZWE,2019,732.6,22.35
Zimbabwe,ZWE,2020,684.1,21.93
Zimbabwe,ZWE,2021,634.62,21.88
Zimbabwe,ZWE,2022,725.46,21.83
Zimbabwe,ZWE,2023,708.8,22.07
